"title","asin","vpi","brand","categoryLabel","parentCategory","glanceViews","priorGlanceViews","orderedRevenue","priorOrderedRevenue","orderedUnits","priorOrderedUnits","avgPrice","unitsPerGlanceViews","conversionRate","priorConversionRate"
"Finocam Mara Weekly Planner 18-Month | Weekly View Vertical Layout · July 2026 to December 2027 | Blue · International - Week-to-view diary","B0GJSYLDLW","B0GJSYLDLW","Finocam","Agenda","22903000","38","0","24.98","0.00","2","0","12.49","0","5.3","0"
"Finocam Capri Weekly Planner 16-Month | Weekly View Horizontal Layout · September 2026 to December 2027 | Happy · International - Week-to-view diary","B0GJT1MPDL","B0GJT1MPDL","Finocam","Agenda","22903000","17","0","22.66","0.00","2","0","11.33","0","11.8","0"
"Finocam Mara Daily Planner 18-Month | 1 Day per Page · July 2026 to December 2027 | Black · International - Day-to-page diary","B0GJT3MCGM","B0GJT3MCGM","Finocam","Agenda","22903000","15","0","17.01","0.00","1","0","17.01","0","6.7","0"
"Finocam Espiral Planner 18-Month | 2 Days per Page · July 2026 to December 2027 | Pretty · International - Day-to-page diary","B0GJT3X9FM","B0GJT3X9FM","Finocam","Agenda","22903000","18","0","14.64","0.00","1","0","14.64","0","5.6","0"
"Finocam Mínimal Weekly Planner 18-Month | Weekly View Horizontal Layout · July 2026 to December 2027 | Black · International - Week-to-view diary","B0GJT64GM9","B0GJT64GM9","Finocam","Agenda","22903000","6","0","13.47","0.00","1","0","13.47","0","16.7","0"
"Finocam Mara Weekly Planner 18-Month | Weekly View Vertical Layout · July 2026 to December 2027 | Pretty · International - Week-to-view diary","B0GJTBHR9G","B0GJTBHR9G","Finocam","Agenda","22903000","20","0","12.26","0.00","1","0","12.26","0","5","0"
"Finocam Mínimal Weekly Planner 18-Month | Weekly View Horizontal Layout · July 2026 to December 2027 | Pretty · International - Week-to-view diary","B0GJT8HNSX","B0GJT8HNSX","Finocam","Agenda","22903000","8","0","11.90","0.00","1","0","11.90","0","12.5","0"
"Finocam Mara Weekly Planner 18-Month | Weekly View Vertical Layout · July 2026 to December 2027 | Black · International - Week-to-view diary","B0GJT4P82S","B0GJT4P82S","Finocam","Agenda","22903000","20","0","11.78","0.00","1","0","11.78","0","5","0"
"Finocam Espiral Weekly Planner 18-Month | Weekly View Horizontal Layout · July 2026 to December 2027 | Daisy · International - Week-to-view diary","B0GJT24P8W","B0GJT24P8W","Finocam","Agenda","22903000","9","0","10.64","0.00","1","0","10.64","0","11.1","0"
"Finocam Haiku Undated Monthly Planner | Monthly View | Black · International - Planner","B0GJSWVPBM","B0GJSWVPBM","Finocam","Agenda","22903000","9","0","6.61","0.00","1","0","6.61","0","11.1","0"
"Finocam Haiku Undated Monthly Planner | Monthly View | Green · International - Planner","B0GJSPQWGQ","B0GJSPQWGQ","Finocam","Agenda","22903000","22","0","4.13","0.00","1","0","4.13","0","4.5","0"
"Finocam - Agenda 2022 2023 Espiral 18 maanden horizontale weekweergave juli 2022 - december 2023 (18 maanden) Geometric Internationaal","B09QX3C7XH","B09QX3C7XH","Finocam","Agenda","22903000","3","0","0.00","0.00","0","0","0.00","0","0","0"
"Finocam - Agenda 2022 2023 Minimal 18 maanden horizontale weekweergave juli 2022 - december 2023 (18 maanden) Geometric Internationaal","B09QXLRQWH","B09QXLRQWH","Finocam","22903202","22903000","1","0","0.00","0.00","0","0","0.00","0","0","0"
"Finocam - Agenda 2022 2023 Mara 18 maanden 1 dag per pagina juli 2022 - december 2023 (18 maanden) Girl Internationaal","B09R1T8NMM","B09R1T8NMM","Finocam","22903202","22903000","4","0","0.00","0.00","0","0","0.00","0","0","0"
"Finocam Lined Notebook - Horizontal Ruling","B09WZ4BGYD","B09WZ4BGYD","Finocam","22903202","22903000","0","0","0.00","0.00","0","0","0.00","0","0","0"
"Finocam - Agenda 2023 weekweergave spiraal Design Collection januari 2023 - december 2023 (12 maanden) Goldy Internationaal","B0B1Q9SHSQ","B0B1Q9SHSQ","Finocam","Agenda","22903000","0","0","0.00","0.00","0","0","0.00","0","0","0"
"Finocam - Agenda 2023 weekweergave spiraal Opaque januari 2023 - december 2023 (12 maanden) Blauw Internationaal","B0B1QB61WR","B0B1QB61WR","Finocam","Agenda","22903000","0","0","0.00","0.00","0","0","0.00","0","0","0"
"Finocam - Agenda 2023 weekweergave spiraal Opaque januari 2023 - december 2023 (12 maanden) Bordeaux Internationaal","B0B1QC9JDQ","B0B1QC9JDQ","Finocam","Agenda","22903000","0","0","0.00","0.00","0","0","0.00","0","0","0"
"Finocam - Agenda Mínimal 18 maanden 2023 2024 horizontale weekweergave juli 2023 - december 2024 (18 maanden) Girl internationaal","B0BS48V3XG","B0BS48V3XG","Finocam","Agenda","22903000","2","0","0.00","0.00","0","0","0.00","0","0","0"
"Finocam - Agenda Dotted 16 maanden 2023 2024 horizontale weekweergave september 2023 - december 2024 (16 maanden) Monstera internationaal","B0BS4921GR","B0BS4921GR","Finocam","Agenda","22903000","2","1","0.00","0.00","0","0","0.00","0","0","0"
"Finocam - Ongedateerde agenda Mytime 1 dag per pagina internationaal","B0BS4996B7","B0BS4996B7","Finocam","Agenda","22903000","5","6","0.00","0.00","0","0","0.00","0","0","0"
"Finocam - Agenda Ikon 16 maanden 2023 2024 verticale weekweergave september 2023 - december 2024 (16 maanden) bruin internationaal","B0BS49FPQ9","B0BS49FPQ9","Finocam","Agenda","22903000","0","0","0.00","0.00","0","0","0.00","0","0","0"
"Finocam - Notitieboek Flexi Modern Dotted-gestippeld zwart","B0BS49LT52","B0BS49LT52","Finocam","Papierproducten","22903000","0","0","0.00","0.00","0","0","0.00","0","0","0"
"Finocam - Notitieboek Flexi Modern Dotted-gestippeld blauw","B0BS49M3XT","B0BS49M3XT","Finocam","Papierproducten","22903000","0","0","0.00","0.00","0","0","0.00","0","0","0"
"Finocam - Ongedateerde agenda Mytime verticale weekweergave internationaal","B0BS49SS5T","B0BS49SS5T","Finocam","Agenda","22903000","22","6","0.00","0.00","0","0","0.00","0","0","0"
"Finocam - Agenda Espiral 18 maanden 2023 2024 horizontale weekweergave juli 2023 - december 2024 (18 maanden) Lady internationaal","B0BS4B1NKG","B0BS4B1NKG","Finocam","Agenda","22903000","1","0","0.00","0.00","0","0","0.00","0","0","0"
"Finocam - Agenda Mínimal 18 maanden 2023 2024 horizontale weekweergave juli 2023 - december 2024 (18 maanden) Pretty internationaal","B0BS4B89CG","B0BS4B89CG","Finocam","Agenda","22903000","0","1","0.00","0.00","0","0","0.00","0","0","0"
"Finocam - Agenda Espiral 18 maanden 2023 2024 2 dagen per pagina juli 2023 - december 2024 (18 maanden) Lady internationaal","B0BS4BB9X3","B0BS4BB9X3","Finocam","Agenda","22903000","0","0","0.00","0.00","0","0","0.00","0","0","0"
"Finocam - Agenda Ikon 16 maanden 2023 2024 1 dag per pagina september 2023 - december 2024 (16 maanden) bruin internationaal","B0BS4BJ726","B0BS4BJ726","Finocam","Agenda","22903000","25","0","0.00","0.00","0","0","0.00","0","0","0"
"Finocam - Agenda Mara 18 maanden 2023 2024 verticale weekweergave juli 2023 - december 2024 (18 maanden) Lady internationaal","B0BS4BM5SS","B0BS4BM5SS","Finocam","Agenda","22903000","3","0","0.00","0.00","0","0","0.00","0","0","0"
"Finocam - Agenda Espiral 18 maanden 2023 2024 horizontale weekweergave juli 2023 - december 2024 (18 maanden) Girl internationaal","B0BS4BMRLJ","B0BS4BMRLJ","Finocam","Agenda","22903000","3","0","0.00","0.00","0","0","0.00","0","0","0"
"Finocam - Agenda Ikon 16 maanden 2023 2024 verticale weekweergave september 2023 - december 2024 (16 maanden) Fiori internationaal","B0BS4CDNXD","B0BS4CDNXD","Finocam","Agenda","22903000","4","0","0.00","0.00","0","0","0.00","0","0","0"
"Finocam - Agenda Mínimal 18 maanden 2023 2024 horizontale weekweergave juli 2023 - december 2024 (18 maanden) Girl internationaal","B0BS4D82CL","B0BS4D82CL","Finocam","Agenda","22903000","66","1","0.00","0.00","0","0","0.00","0","0","0"
"Finocam - Kalender met afbeeldingen wandformaat 2024 januari 2024 - december 2024 (12 maanden) Cats internationaal","B0C2V77CD7","B0C2V77CD7","Finocam","Agenda","22903000","23","3","0.00","0.00","0","0","0.00","0","0","0"
"Finocam - Kalender met afbeeldingen wandformaat 2024 januari 2024 - december 2024 (12 maanden) Traveling internationaal","B0C2V8RSDZ","B0C2V8RSDZ","Finocam","Agenda","22903000","0","0","0.00","0.00","0","0","0.00","0","0","0"
"Finocam - Kalender met afbeeldingen wandformaat 2024 januari 2024 - december 2024 (12 maanden) Nature internationaal","B0C2V8TJKQ","B0C2V8TJKQ","Finocam","Agenda","22903000","0","0","0.00","0.00","0","0","0.00","0","0","0"
"Finocam - Kalender met afbeeldingen wandformaat 2024 januari 2024 - december 2024 (12 maanden) Dogs internationaal","B0C2V921RQ","B0C2V921RQ","Finocam","Agenda","22903000","0","0","0.00","0.00","0","0","0.00","0","0","0"
"Finocam - Kalender met afbeeldingen bureauformaat 2024 januari 2024 - december 2024 (12 maanden) Parks internationaal","B0C2V9FMWZ","B0C2V9FMWZ","Finocam","Agenda","22903000","0","0","0.00","0.00","0","0","0.00","0","0","0"
"Finocam - Kalender met afbeeldingen bureauformaat 2024 januari 2024 - december 2024 (12 maanden) Dogs internationaal","B0C2VBJ2LV","B0C2VBJ2LV","Finocam","Agenda","22903000","0","0","0.00","0.00","0","0","0.00","0","0","0"
"Finocam - Agenda Espiral Opaque 2024 horizontale weekweergave januari 2024 - december 2024 (12 maanden) paars internationaal","B0C2VC1D3G","B0C2VC1D3G","Finocam","Agenda","22903000","0","0","0.00","0.00","0","0","0.00","0","0","0"
"Finocam - Kalender met afbeeldingen wandformaat 2024 januari 2024 - december 2024 (12 maanden) Parks internationaal","B0C2VC2X38","B0C2VC2X38","Finocam","Agenda","22903000","0","0","0.00","0.00","0","0","0.00","0","0","0"
"Finocam - Agenda Espiral Opaque 2024 horizontale weekweergave januari 2024 - december 2024 (12 maanden) zwart internationaal","B0C2VCLX13","B0C2VCLX13","Finocam","Agenda","22903000","0","0","0.00","0.00","0","0","0.00","0","0","0"
"Finocam - Agenda Espiral Opaque 2024 horizontale weekweergave januari 2024 - december 2024 (12 maanden) zwart internationaal","B0C2VF5CLP","B0C2VF5CLP","Finocam","Agenda","22903000","0","1","0.00","0.00","0","0","0.00","0","0","0"
"Finocam - Agenda Espiral Opaque 2024 1 dag per pagina januari 2024 - december 2024 (12 maanden) zwart internationaal","B0C2VF6WGZ","B0C2VF6WGZ","Finocam","Agenda","22903000","0","0","0.00","0.00","0","0","0.00","0","0","0"
"Finocam - Agenda Espiral Opaque 2024 1 dag per pagina januari 2024 - december 2024 (12 maanden) paars internationaal","B0C2VFJWNM","B0C2VFJWNM","Finocam","Agenda","22903000","4","0","0.00","0.00","0","0","0.00","0","0","0"
"Finocam - Agenda Espiral Opaque 2024 1 dag per pagina januari 2024 - december 2024 (12 maanden) blauw internationaal","B0C2VFT7GM","B0C2VFT7GM","Finocam","Agenda","22903000","0","1","0.00","0.00","0","0","0.00","0","0","0"
"Finocam - Agenda Espiral Design Collection 2024 horizontale weekweergave januari 2024 - december 2024 (12 maanden) Oerwoud internationaal","B0C33BB8JK","B0C33BB8JK","Finocam","Agenda","22903000","0","0","0.00","0.00","0","0","0.00","0","0","0"
"Finocam - Agenda Espiral Design Collection 2024 horizontale weekweergave januari 2024 - december 2024 (12 maanden) Moon internationaal","B0C33BJ5FL","B0C33BJ5FL","Finocam","Agenda","22903000","0","0","0.00","0.00","0","0","0.00","0","0","0"
"Finocam - Agenda Espiral Design Collection 2024 1 dag per pagina januari 2024 - december 2024 (12 maanden) Oerwoud internationaal","B0C33BKMTZ","B0C33BKMTZ","Finocam","Agenda","22903000","4","0","0.00","0.00","0","0","0.00","0","0","0"
"Finocam - Agenda Espiral Design Collection 2024 horizontale weekweergave januari 2024 - december 2024 (12 maanden) Now internationaal","B0C33BRVX2","B0C33BRVX2","Finocam","Agenda","22903000","2","0","0.00","0.00","0","0","0.00","0","0","0"
"Finocam - Agenda Espiral Design Collection 2024 1 dag per pagina januari 2024 - december 2024 (12 maanden) Now internationaal","B0C33CCPWW","B0C33CCPWW","Finocam","Agenda","22903000","4","1","0.00","0.00","0","0","0.00","0","0","0"
"Finocam - Agenda Espiral Design Collection 2024 horizontale weekweergave januari 2024 - december 2024 (12 maanden) Oerwoud internationaal","B0C33DB7T4","B0C33DB7T4","Finocam","Agenda","22903000","0","0","0.00","0.00","0","0","0.00","0","0","0"
"Finocam - Agenda Espiral Opaque 2024 horizontale weekweergave januari 2024 - december 2024 (12 maanden) blauw internationaal","B0C33DMKQ8","B0C33DMKQ8","Finocam","Agenda","22903000","25","0","0.00","0.00","0","0","0.00","0","0","0"
"Finocam - Agenda Espiral Design Collection 2024 1 dag per pagina januari 2024 - december 2024 (12 maanden) Impossible internationaal","B0C33F738L","B0C33F738L","Finocam","Agenda","22903000","8","1","0.00","0.00","0","0","0.00","0","0","0"
"Finocam - Agenda Espiral Design Collection 2024 horizontale weekweergave januari 2024 - december 2024 (12 maanden) Impossible internationaal","B0C33FTKT2","B0C33FTKT2","Finocam","Agenda","22903000","0","0","0.00","0.00","0","0","0.00","0","0","0"
"Finocam - Agenda Espiral Design Collection 2024 horizontale weekweergave januari 2024 - december 2024 (12 maanden) Goldy internationaal","B0C33GB39D","B0C33GB39D","Finocam","Agenda","22903000","9","1","0.00","0.00","0","0","0.00","0","0","0"
"Finocam - Agenda Ikon 16 maanden 2024 2025 1 dag per pagina september 2024 - december 2025 (16 maanden) zwart internationaal","B0CTMS536L","B0CTMS536L","Finocam","Agenda","22903000","0","0","0.00","0.00","0","0","0.00","0","0","0"
"Finocam - Agenda Espiral 18 maanden 2024 2025 2 dagen per pagina juli 2024 - december 2025 (18 maanden) Daisy internationaal","B0CTMSK4TH","B0CTMSK4TH","Finocam","Agenda","22903000","10","0","0.00","0.00","0","0","0.00","0","0","0"
"Finocam - Agenda Mara 18 maanden 2024 2025 verticale weekweergave juli 2024 - december 2025 (18 maanden) zwart internationaal","B0CTMT163V","B0CTMT163V","Finocam","Agenda","22903000","0","1","0.00","0.00","0","0","0.00","0","0","0"
"Finocam - Agenda Espiral 18 maanden 2024 2025 2 dagen per pagina juli 2024 - december 2025 (18 maanden) zwart internationaal","B0CTMT1S9K","B0CTMT1S9K","Finocam","Agenda","22903000","0","0","0.00","0.00","0","0","0.00","0","0","0"
"Finocam - Agenda Espiral 18 maanden 2024 2025 2 dagen per pagina juli 2024 - december 2025 (18 maanden) Girl internationaal","B0CTMT7LYW","B0CTMT7LYW","Finocam","Agenda","22903000","3","0","0.00","0.00","0","0","0.00","0","0","0"
"Finocam - Agenda Espiral 18 maanden 2024 2025 horizontale weekweergave juli 2024 - december 2025 (18 maanden) Pretty internationaal","B0CTMT85NQ","B0CTMT85NQ","Finocam","Agenda","22903000","5","0","0.00","0.00","0","0","0.00","0","0","0"
"Finocam - Agenda Mínimal 18 maanden 2024 2025 horizontale weekweergave juli 2024 - december 2025 (18 maanden) Pretty internationaal","B0CTMT9LVP","B0CTMT9LVP","Finocam","Agenda","22903000","0","0","0.00","0.00","0","0","0.00","0","0","0"
"Finocam - Agenda Mínimal 18 maanden 2024 2025 horizontale weekweergave juli 2024 - december 2025 (18 maanden) Daisy internationaal","B0CTMTCBM9","B0CTMTCBM9","Finocam","Agenda","22903000","80","5","0.00","0.00","0","0","0.00","0","0","0"
"Finocam - Agenda Mara 18 maanden 2024 2025 verticale weekweergave juli 2024 - december 2025 (18 maanden) turquoise internationaal","B0CTMTFX3N","B0CTMTFX3N","Finocam","Agenda","22903000","0","0","0.00","0.00","0","0","0.00","0","0","0"
"Finocam - Agenda Mara 18 maanden 2024 2025 1 dag per pagina juli 2024 - december 2025 (18 maanden) Daisy internationaal","B0CTMTPNWP","B0CTMTPNWP","Finocam","Agenda","22903000","0","3","0.00","0.00","0","0","0.00","0","0","0"
"Finocam - Agenda Mínimal 18 maanden 2024 2025 horizontale weekweergave juli 2024 - december 2025 (18 maanden) Pretty internationaal","B0CTMTV5WR","B0CTMTV5WR","Finocam","Agenda","22903000","5","0","0.00","0.00","0","0","0.00","0","0","0"
"Finocam - Agenda Espiral 18 maanden 2024 2025 horizontale weekweergave juli 2024 - december 2025 (18 maanden) zwart internationaal","B0CTMV17X8","B0CTMV17X8","Finocam","Agenda","22903000","6","0","0.00","0.00","0","0","0.00","0","0","0"
"Finocam - Agenda Espiral 18 maanden 2024 2025 horizontale weekweergave juli 2024 - december 2025 (18 maanden) Girl internationaal","B0CTMVRP8F","B0CTMVRP8F","Finocam","Agenda","22903000","0","3","0.00","0.00","0","0","0.00","0","0","0"
"Finocam - Agenda Capri 16 maanden 2024 2025 horizontale weekweergave september 2024 - december 2025 (16 maanden) Happy internationaal","B0CTMW631F","B0CTMW631F","Finocam","Agenda","22903000","1","1","0.00","0.00","0","0","0.00","0","0","0"
"Finocam - Agenda Ikon 16 maanden 2024 2025 verticale weekweergave september 2024 - december 2025 (16 maanden) zwart internationaal","B0CTMW9VXP","B0CTMW9VXP","Finocam","Agenda","22903000","0","0","0.00","0.00","0","0","0.00","0","0","0"
"Finocam - Notitieboek Design effen Lion","B0D3F2C3XM","B0D3F2C3XM","Finocam","Agenda","22903000","0","0","0.00","0.00","0","0","0.00","0","0","0"
"Finocam - Planner/Agenda + notities 2025 maandweergave januari 2025 - december 2025 (12 maanden) grijs internationaal","B0D3F3ZJ31","B0D3F3ZJ31","Finocam","Agenda","22903000","0","0","0.00","0.00","0","0","0.00","0","0","0"
"Finocam - Notitieboek Design effen Inspire","B0D3F4491M","B0D3F4491M","Finocam","Agenda","22903000","0","0","0.00","0.00","0","0","0.00","0","0","0"
"Finocam - Kalender met afbeeldingen wandformaat internationaal 2025 maandweergave januari 2025 - december 2025 (12 maanden) Dogs internationaal","B0D3F47268","B0D3F47268","Finocam","Agenda","22903000","0","0","0.00","0.00","0","0","0.00","0","0","0"
"Finocam - Notitieboek Design effen Flamingo","B0D3F52LYP","B0D3F52LYP","Finocam","Agenda","22903000","0","0","0.00","0.00","0","0","0.00","0","0","0"
"Finocam - Notitieboek Class effen rood","B0D3F53DRY","B0D3F53DRY","Finocam","Agenda","22903000","0","0","0.00","0.00","0","0","0.00","0","0","0"
"Finocam - Kalender met afbeeldingen bureauformaat internationaal 2025 maandweergave januari 2025 - december 2025 (12 maanden) Dogs internationaal","B0D3F5BBYS","B0D3F5BBYS","Finocam","Agenda","22903000","0","1","0.00","0.00","0","0","0.00","0","0","0"
"Finocam - Agenda Dynamic Mara 2025 1 dag per pagina januari 2025 - december 2025 (12 maanden) blauw internationaal","B0D3F5G6SF","B0D3F5G6SF","Finocam","Agenda","22903000","0","1","0.00","0.00","0","0","0.00","0","0","0"
"Finocam - Notitieboek Design effen Mountain","B0D3F5GXRS","B0D3F5GXRS","Finocam","Agenda","22903000","0","0","0.00","0.00","0","0","0.00","0","0","0"
"Finocam - Kalender met afbeeldingen bureauformaat internationaal 2025 maandweergave januari 2025 - december 2025 (12 maanden) Paris internationaal","B0D3F5KQDT","B0D3F5KQDT","Finocam","Agenda","22903000","0","0","0.00","0.00","0","0","0.00","0","0","0"
"Finocam - Kalender met afbeeldingen wandformaat internationaal 2025 maandweergave januari 2025 - december 2025 (12 maanden) Paris internationaal","B0D3F5KTC9","B0D3F5KTC9","Finocam","Agenda","22903000","3","0","0.00","0.00","0","0","0.00","0","0","0"
"Finocam - Agenda Dynamic Porto Design 2025 1 dag per pagina januari 2025 - december 2025 (12 maanden) Magnolia internationaal","B0D3F5QZ4D","B0D3F5QZ4D","Finocam","Agenda","22903000","0","0","0.00","0.00","0","0","0.00","0","0","0"
"Finocam - Agenda Capri 2025 verticale weekweergave januari 2025 - december 2025 (12 maanden) zwart internationaal","B0D3F5R1Y4","B0D3F5R1Y4","Finocam","Agenda","22903000","6","1","0.00","0.00","0","0","0.00","0","0","0"
"Finocam - Agenda Dynamic Mara 2025 1 dag per pagina januari 2025 - december 2025 (12 maanden) zwart internationaal","B0D3F5SBP7","B0D3F5SBP7","Finocam","Agenda","22903000","0","0","0.00","0.00","0","0","0.00","0","0","0"
"Finocam - Notitieboek Modern Dotted-zwart gestippeld","B0D3F5TJBL","B0D3F5TJBL","Finocam","Agenda","22903000","3","0","0.00","0.00","0","0","0.00","0","0","0"
"Finocam - Notitieboek Modern Dotted-roze gestippeld","B0D3F5TKLT","B0D3F5TKLT","Finocam","Agenda","22903000","2","0","0.00","0.00","0","0","0.00","0","0","0"
"Finocam - Agenda Dynamic Porto Design 2025 verticale weekweergave januari 2025 - december 2025 (12 maanden) Magnolia internationaal","B0D3F5TYM8","B0D3F5TYM8","Finocam","Agenda","22903000","0","0","0.00","0.00","0","0","0.00","0","0","0"
"Finocam - Notitieboek Design effen Butterfly","B0D3F5WQ51","B0D3F5WQ51","Finocam","Agenda","22903000","3","0","0.00","0.00","0","0","0.00","0","0","0"
"Finocam - Agenda Dynamic Mara 2025 verticale weekweergave januari 2025 - december 2025 (12 maanden) zwart internationaal","B0D3F5WRRJ","B0D3F5WRRJ","Finocam","Agenda","22903000","0","0","0.00","0.00","0","0","0.00","0","0","0"
"Finocam - Notitieboek Modern Dotted-blauw gestippeld","B0D3F5WZ18","B0D3F5WZ18","Finocam","Agenda","22903000","5","0","0.00","0.00","0","0","0.00","0","0","0"
"Finocam - Notitieboek Modern Dotted-zwart gestippeld","B0D3F5X5NK","B0D3F5X5NK","Finocam","Agenda","22903000","4","0","0.00","0.00","0","0","0.00","0","0","0"
"Finocam - Notitieboek Class effen zwart","B0D3F5X6WG","B0D3F5X6WG","Finocam","Agenda","22903000","4","0","0.00","0.00","0","0","0.00","0","0","0"
"Finocam - Notitieboek Design effen Love","B0D3F5XDJX","B0D3F5XDJX","Finocam","Agenda","22903000","0","0","0.00","0.00","0","0","0.00","0","0","0"
"Finocam - Notitieboek Modern effen roze","B0D3F5Z1B9","B0D3F5Z1B9","Finocam","Agenda","22903000","0","0","0.00","0.00","0","0","0.00","0","0","0"
"Finocam - Agenda Dynamic London 2025 1 dag per pagina januari 2025 - december 2025 (12 maanden) zwart internationaal","B0D3F61HVT","B0D3F61HVT","Finocam","Agenda","22903000","0","1","0.00","0.00","0","0","0.00","0","0","0"
"Finocam - Notitieboek Modern Dotted-rood gestippeld","B0D3F63LGL","B0D3F63LGL","Finocam","Agenda","22903000","0","0","0.00","0.00","0","0","0.00","0","0","0"
"Finocam - Notitieboek Modern Dotted-roze gestippeld","B0D3F641RS","B0D3F641RS","Finocam","Agenda","22903000","3","0","0.00","0.00","0","0","0.00","0","0","0"
"Finocam - Planner/Agenda + notities 2025 weekweergave januari 2025 - december 2025 (12 maanden) grijs internationaal","B0D3F64JNZ","B0D3F64JNZ","Finocam","Agenda","22903000","0","0","0.00","0.00","0","0","0.00","0","0","0"
"Finocam - Notitieboek Modern effen roze","B0D3F64MLC","B0D3F64MLC","Finocam","Agenda","22903000","0","0","0.00","0.00","0","0","0.00","0","0","0"
"Finocam - Agenda Capri 2025 1 dag per pagina januari 2025 - december 2025 (12 maanden) zwart internationaal","B0D3F651KM","B0D3F651KM","Finocam","Agenda","22903000","1","0","0.00","0.00","0","0","0.00","0","0","0"
"Finocam - Notitieboek Design effen Flamingo","B0D3F68K7V","B0D3F68K7V","Finocam","Agenda","22903000","0","0","0.00","0.00","0","0","0.00","0","0","0"
"Finocam - Notitieboek Modern effen zwart","B0D3F695NM","B0D3F695NM","Finocam","Agenda","22903000","0","0","0.00","0.00","0","0","0.00","0","0","0"
"Finocam - Notitieboek Modern effen groen","B0D3F69QZ7","B0D3F69QZ7","Finocam","Agenda","22903000","0","0","0.00","0.00","0","0","0.00","0","0","0"
"Finocam - Notitieboek Modern effen zwart","B0D3F6D8KY","B0D3F6D8KY","Finocam","Agenda","22903000","5","0","0.00","0.00","0","0","0.00","0","0","0"
"Finocam - Notitieboek Design effen Inspire","B0D3F6DG83","B0D3F6DG83","Finocam","Agenda","22903000","3","0","0.00","0.00","0","0","0.00","0","0","0"
"Finocam - Notitieboek Modern Dotted-blauw gestippeld","B0D3F6J4QB","B0D3F6J4QB","Finocam","Agenda","22903000","4","0","0.00","0.00","0","0","0.00","0","0","0"
"Finocam - Notitieboek Class effen rood","B0D3F6Q93G","B0D3F6Q93G","Finocam","Agenda","22903000","0","0","0.00","0.00","0","0","0.00","0","0","0"
"Finocam - Notitieboek Design effen Butterfly","B0D3F6SNRD","B0D3F6SNRD","Finocam","Agenda","22903000","0","0","0.00","0.00","0","0","0.00","0","0","0"
"Finocam - Kalender met afbeeldingen bureauformaat internationaal 2025 maandweergave januari 2025 - december 2025 (12 maanden) Cats internationaal","B0D3F6V89X","B0D3F6V89X","Finocam","Agenda","22903000","76","0","0.00","0.00","0","0","0.00","0","0","0"
"Finocam - Notitieboek Design effen Mountain","B0D3F6WRR9","B0D3F6WRR9","Finocam","Agenda","22903000","3","0","0.00","0.00","0","0","0.00","0","0","0"
"Finocam - Notitieboek Design effen Love","B0D3F6XCHF","B0D3F6XCHF","Finocam","Agenda","22903000","3","0","0.00","0.00","0","0","0.00","0","0","0"
"Finocam - Notitieboek Modern effen zwart","B0D3F6ZC3V","B0D3F6ZC3V","Finocam","Agenda","22903000","3","0","0.00","0.00","0","0","0.00","0","0","0"
"Finocam - Notitieboek Class effen zwart","B0D3F73933","B0D3F73933","Finocam","Agenda","22903000","0","0","0.00","0.00","0","0","0.00","0","0","0"
"Finocam - Notitieboek Modern effen blauw","B0D3F76Y88","B0D3F76Y88","Finocam","Agenda","22903000","0","0","0.00","0.00","0","0","0.00","0","0","0"
"Finocam - Agenda Spiraal 18 maanden 2025 2026 horizontale weekweergave juli 2025 - december 2026 (18 maanden) zwart internationaal","B0DV5Q16GH","B0DV5Q16GH","Finocam","Bureauaccessoires en opslag","22903000","0","12","0.00","0.00","0","0","0.00","0","0","0"
"Finocam - Notitieboek Nexo, harde kaft, blanco, marineblauw | A5-notitieboek met microgeperforeerde bladen | Vakje en pennenlus | 72 bladzijden, ideaal om te schrijven en te tekenen","B0DV5Q5VJ3","B0DV5Q5VJ3","Finocam","Bureauaccessoires en opslag","22903000","0","0","0.00","0.00","0","0","0.00","0","0","0"
"Finocam - Notitieboek Nexo, zachte kaft, horizontale lijntjes, camel | Klein notitieboekje met microgeperforeerde bladen | Vakje en pennenlus | 72 bladzijden, ideaal om te schrijven","B0DV5QB5K2","B0DV5QB5K2","Finocam","Bureauaccessoires en opslag","22903000","0","0","0.00","0.00","0","0","0.00","0","0","0"
"Finocam - Notitieboek Nexo, harde kaft, horizontale lijntjes, marineblauw | Groot notitieboek met microgeperforeerde bladen | Vakje en pennenlus | 72 bladzijden, ideaal om te schrijven","B0DV5QB65K","B0DV5QB65K","Finocam","Bureauaccessoires en opslag","22903000","0","0","0.00","0.00","0","0","0.00","0","0","0"
"Finocam - Notitieboek Nexo, harde kaft, horizontale lijntjes, turquoise | Klein notitieboekje met microgeperforeerde bladen | Vakje en pennenlus | 72 bladzijden, ideaal om te schrijven","B0DV5QBRL8","B0DV5QBRL8","Finocam","Bureauaccessoires en opslag","22903000","3","0","0.00","0.00","0","0","0.00","0","0","0"
"Finocam - Agenda Spiraal 18 maanden 2025 2026 2 dagen per pagina juli 2025 - december 2026 (18 maanden) Girl internationaal","B0DV5QDXLM","B0DV5QDXLM","Finocam","Bureauaccessoires en opslag","22903000","2","3","0.00","0.00","0","0","0.00","0","0","0"
"Finocam - Notitieboek Nexo, zachte kaft, horizontale lijntjes, zwart | Groot notitieboek met microgeperforeerde bladen | Vakje en pennenlus | 72 bladzijden, ideaal om te schrijven","B0DV5QP7C2","B0DV5QP7C2","Finocam","Bureauaccessoires en opslag","22903000","3","0","0.00","0.00","0","0","0.00","0","0","0"
"Finocam - Documentenmap met ritssluiting Nopal marineblauw","B0DV5QRH5G","B0DV5QRH5G","Finocam","Bureauaccessoires en opslag","22903000","5","1","0.00","0.00","0","0","0.00","0","0","0"
"Finocam - Notitieboek Nexo, zachte kaft, blanco, hemelsblauw | Klein notitieboekje met microgeperforeerde bladen | Vakje en pennenlus | 72 bladzijden, ideaal om te schrijven en te tekenen","B0DV5QZHP4","B0DV5QZHP4","Finocam","Bureauaccessoires en opslag","22903000","0","0","0.00","0.00","0","0","0.00","0","0","0"
"Finocam - Agenda Mínimal 18 maanden 2025 2026 horizontale weekweergave juli 2025 - december 2026 (18 maanden) Girl internationaal","B0DV5R3KVQ","B0DV5R3KVQ","Finocam","Bureauaccessoires en opslag","22903000","4","3","0.00","0.00","0","0","0.00","0","0","0"
"Finocam - Documentenmap met ritssluiting Nopal marineblauw","B0DV5R586Z","B0DV5R586Z","Finocam","Bureauaccessoires en opslag","22903000","0","0","0.00","0.00","0","0","0.00","0","0","0"
"Finocam - Notitieboek Nexo, harde kaft, blanco, camel | Groot notitieboek met microgeperforeerde bladen | Vakje en pennenlus | 72 bladzijden, ideaal om te schrijven en te tekenen","B0DV5RB9X7","B0DV5RB9X7","Finocam","Bureauaccessoires en opslag","22903000","0","0","0.00","0.00","0","0","0.00","0","0","0"
"Finocam - Agenda Ikon 16 maanden 2025 2026 1 dag per pagina september 2025 - december 2026 (16 maanden) zwart internationaal","B0DV5RCDVW","B0DV5RCDVW","Finocam","Bureauaccessoires en opslag","22903000","0","0","0.00","0.00","0","0","0.00","0","0","0"
"Finocam - Notitieboek Nexo, harde kaft, Dotted (gestippeld), zwart | Klein notitieboekje met microgeperforeerde bladen | Vakje en pennenlus | 72 bladzijden, ideaal voor Bullet Journal","B0DV5RCK3Y","B0DV5RCK3Y","Finocam","Bureauaccessoires en opslag","22903000","5","0","0.00","0.00","0","0","0.00","0","0","0"
"Finocam - Notitieboek Nexo, harde kaft, blanco, marineblauw | Groot notitieboek met microgeperforeerde bladen | Vakje en pennenlus | 72 bladzijden, ideaal om te schrijven en te tekenen","B0DV5RF69M","B0DV5RF69M","Finocam","Bureauaccessoires en opslag","22903000","5","0","0.00","0.00","0","0","0.00","0","0","0"
"Finocam - Notitieboek Nexo, zachte kaft, horizontale lijntjes, marineblauw | Klein notitieboekje met microgeperforeerde bladen | Vakje en pennenlus | 72 bladzijden, ideaal om te schrijven","B0DV5RFGGB","B0DV5RFGGB","Finocam","Bureauaccessoires en opslag","22903000","3","0","0.00","0.00","0","0","0.00","0","0","0"
"Finocam - Notitieboek Nexo, harde kaft, horizontale lijntjes, marineblauw | A5-notitieboek met microgeperforeerde bladen | Vakje en pennenlus | 72 bladzijden, ideaal om te schrijven","B0DV5RFMMB","B0DV5RFMMB","Finocam","Bureauaccessoires en opslag","22903000","5","0","0.00","0.00","0","0","0.00","0","0","0"
"Finocam - Notitieboek Nexo, zachte kaft, blanco, rood | A5-notitieboek met microgeperforeerde bladen | Vakje en pennenlus | 72 bladzijden, ideaal om te schrijven en te tekenen","B0DV5RFSGM","B0DV5RFSGM","Finocam","Bureauaccessoires en opslag","22903000","5","0","0.00","0.00","0","0","0.00","0","0","0"
"Finocam - Agenda Capri 16 maanden 2025 2026 horizontale weekweergave september 2025 - december 2026 16 maanden Jungle internationaal, Weekweergave Horizontaal, Klein - F4-118x168 mm","B0DV5RFYDJ","B0DV5RFYDJ","Finocam","Bureauaccessoires en opslag","22903000","5","10","0.00","0.00","0","0","0.00","0","0","0"
"Finocam - Notitieboek Nexo, harde kaft, blanco, camel | A5-notitieboek met microgeperforeerde bladen | Vakje en pennenlus | 72 bladzijden, ideaal om te schrijven en te tekenen","B0DV5RGCNR","B0DV5RGCNR","Finocam","Bureauaccessoires en opslag","22903000","0","0","0.00","0.00","0","0","0.00","0","0","0"
"Finocam - Agenda Mara 18 maanden 2025 2026 verticale weekweergave juli 2025 - december 2026 (18 maanden) zwart internationaal","B0DV5RGYLC","B0DV5RGYLC","Finocam","Bureauaccessoires en opslag","22903000","4","3","0.00","0.00","0","0","0.00","0","0","0"
"Finocam - Agenda Dotted 16 maanden 2025 2026 horizontale weekweergave september 2025 - december 2026 (16 maanden) zwart internationaal","B0DV5RJC23","B0DV5RJC23","Finocam","Bureauaccessoires en opslag","22903000","0","19","0.00","25.62","0","2","0.00","0","0","10.5"
"Finocam - Notitieboek Nexo, zachte kaft, horizontale lijntjes, zwart | Klein notitieboekje met microgeperforeerde bladen | Vakje en pennenlus | 72 bladzijden, ideaal om te schrijven","B0DV5RL7SL","B0DV5RL7SL","Finocam","Bureauaccessoires en opslag","22903000","3","0","0.00","0.00","0","0","0.00","0","0","0"
"Finocam - Notitieboek Nexo, zachte kaft, horizontale lijntjes, roze | A5-notitieboek met microgeperforeerde bladen | Vakje en pennenlus | 72 bladzijden, ideaal voor aantekeningen en om te schrijven","B0DV5RLDFV","B0DV5RLDFV","Finocam","Bureauaccessoires en opslag","22903000","6","0","0.00","0.00","0","0","0.00","0","0","0"
"Finocam - Agenda Mara 18 maanden 2025 2026 verticale weekweergave juli 2025 - december 2026 (18 maanden) Pretty internationaal","B0DV5RMVZL","B0DV5RMVZL","Finocam","Bureauaccessoires en opslag","22903000","4","9","0.00","0.00","0","0","0.00","0","0","0"
"Finocam - Agenda Mara 18 maanden 2025 2026 1 dag per pagina juli 2025 - december 2026 (18 maanden) Daisy internationaal","B0DV5RMXHG","B0DV5RMXHG","Finocam","Bureauaccessoires en opslag","22903000","3","22","0.00","0.00","0","0","0.00","0","0","0"
"Finocam - Agenda Ikon 16 maanden 2025 2026 verticale weekweergave september 2025 - december 2026 (16 maanden) bordeaux internationaal","B0DV5RNDG2","B0DV5RNDG2","Finocam","Bureauaccessoires en opslag","22903000","0","3","0.00","0.00","0","0","0.00","0","0","0"
"Finocam - Notitieboek Nexo, harde kaft, blanco, rood | A5-notitieboek met microgeperforeerde bladen | Vakje en pennenlus | 72 bladzijden, ideaal om te schrijven en te tekenen","B0DV5RNS84","B0DV5RNS84","Finocam","Bureauaccessoires en opslag","22903000","0","0","0.00","0.00","0","0","0.00","0","0","0"
"Finocam - Agenda Ikon 16 maanden 2025 2026 1 dag per pagina september 2025 - december 2026 (16 maanden) bordeaux internationaal","B0DV5RQBSR","B0DV5RQBSR","Finocam","Bureauaccessoires en opslag","22903000","5","1","0.00","0.00","0","0","0.00","0","0","0"
"Finocam - Agenda Dotted 16 maanden 2025 2026 horizontale weekweergave september 2025 - december 2026 (16 maanden) Bloom internationaal","B0DV5RR7Z5","B0DV5RR7Z5","Finocam","Bureauaccessoires en opslag","22903000","4","16","0.00","0.00","0","0","0.00","0","0","0"
"Finocam - Notitieboek Nexo, zachte kaft, horizontale lijntjes, marineblauw | Groot notitieboek met microgeperforeerde bladen | Vakje en pennenlus | 72 bladzijden, ideaal om te schrijven","B0DV5RR99R","B0DV5RR99R","Finocam","Bureauaccessoires en opslag","22903000","0","0","0.00","0.00","0","0","0.00","0","0","0"
"Finocam - Notitieboek Nexo, harde kaft, Dotted (gestippeld), camel | A5-notitieboek met microgeperforeerde bladen | Vakje en pennenlus | 72 bladzijden, ideaal voor Bullet Journal","B0DV5RRK89","B0DV5RRK89","Finocam","Bureauaccessoires en opslag","22903000","0","0","0.00","0.00","0","0","0.00","0","0","0"
"Finocam - Notitieboek Nexo, harde kaft, blanco, zwart | Groot notitieboek met microgeperforeerde bladen | Vakje en pennenlus | 72 bladzijden, ideaal om te schrijven en te tekenen","B0DV5RRKBN","B0DV5RRKBN","Finocam","Bureauaccessoires en opslag","22903000","0","0","0.00","0.00","0","0","0.00","0","0","0"
"Finocam - Notitieboek Nexo, zachte kaft, Dotted (gestippeld), zwart | Klein notitieboekje met microgeperforeerde bladen | Vakje en pennenlus | 72 bladzijden, ideaal voor Bullet Journal","B0DV5RRRB2","B0DV5RRRB2","Finocam","Bureauaccessoires en opslag","22903000","9","0","0.00","0.00","0","0","0.00","0","0","0"
"Finocam - Agenda Mínimal 18 maanden 2025 2026 horizontale weekweergave juli 2025 - december 2026 (18 maanden) zwart internationaal","B0DV5RRY4Q","B0DV5RRY4Q","Finocam","Bureauaccessoires en opslag","22903000","7","3","0.00","0.00","0","0","0.00","0","0","0"
"Finocam - Notitieboek Nexo, harde kaft, blanco, zwart | A5-notitieboek met microgeperforeerde bladen | Vakje en pennenlus | 72 bladzijden, ideaal om te schrijven en te tekenen","B0DV5RT5F9","B0DV5RT5F9","Finocam","Bureauaccessoires en opslag","22903000","0","0","0.00","0.00","0","0","0.00","0","0","0"
"Finocam - Agenda Mara 18 maanden 2025 2026 1 dag per pagina juli 2025 - december 2026 (18 maanden) Girl internationaal","B0DV5RTJMB","B0DV5RTJMB","Finocam","Bureauaccessoires en opslag","22903000","7","4","0.00","0.00","0","0","0.00","0","0","0"
"Finocam - Notitieboek Nexo, harde kaft, blanco, turquoise | Klein notitieboekje met microgeperforeerde bladen | Vakje en pennenlus | 72 bladzijden, ideaal om te schrijven en te tekenen","B0DV5RTLKQ","B0DV5RTLKQ","Finocam","Bureauaccessoires en opslag","22903000","0","0","0.00","0.00","0","0","0.00","0","0","0"
"Finocam - Notitieboek Nexo, zachte kaft, Dotted (gestippeld), marineblauw | A5-notitieboek met microgeperforeerde bladen | Vakje en pennenlus | 72 bladzijden, ideaal voor Bullet Journal","B0DV5RV4DS","B0DV5RV4DS","Finocam","Bureauaccessoires en opslag","22903000","3","0","0.00","0.00","0","0","0.00","0","0","0"
"Finocam - Agenda Capri 16 maanden 2025 2026 horizontale weekweergave september 2025 - december 2026 16 maanden Power internationaal, Weekweergave Horizontaal, Klein - F4-118x168 mm","B0DV5RVJP2","B0DV5RVJP2","Finocam","Bureauaccessoires en opslag","22903000","0","9","0.00","0.00","0","0","0.00","0","0","0"
"Finocam - Agenda Mínimal 18 maanden 2025 2026 horizontale weekweergave juli 2025 - december 2026 (18 maanden) Pretty internationaal","B0DV5RVY3Y","B0DV5RVY3Y","Finocam","Bureauaccessoires en opslag","22903000","0","2","0.00","0.00","0","0","0.00","0","0","0"
"Finocam - Notitieboek Nexo, zachte kaft, blanco, camel | A5-notitieboek met microgeperforeerde bladen | Vakje en pennenlus | 72 bladzijden, ideaal om te schrijven en te tekenen","B0DV5RXRMG","B0DV5RXRMG","Finocam","Bureauaccessoires en opslag","22903000","3","0","0.00","0.00","0","0","0.00","0","0","0"
"Finocam - Notitieboek Nexo, harde kaft, Dotted (gestippeld), rood | A5-notitieboek met microgeperforeerde bladen | Vakje en pennenlus | 72 bladzijden, ideaal voor Bullet Journal","B0DV5RXWQ6","B0DV5RXWQ6","Finocam","Bureauaccessoires en opslag","22903000","0","0","0.00","0.00","0","0","0.00","0","0","0"
"Finocam - Notitieboek Nexo, harde kaft, Dotted (gestippeld), marineblauw | Groot notitieboek met microgeperforeerde bladen | Vakje en pennenlus | 72 bladzijden, ideaal voor Bullet Journal","B0DV5S16GC","B0DV5S16GC","Finocam","Bureauaccessoires en opslag","22903000","3","2","0.00","0.00","0","0","0.00","0","0","0"
"Finocam - Notitieboek Nexo, zachte kaft, blanco, marineblauw | Klein notitieboekje met microgeperforeerde bladen | Vakje en pennenlus | 72 bladzijden, ideaal om te schrijven en te tekenen","B0DV5S1CFS","B0DV5S1CFS","Finocam","Bureauaccessoires en opslag","22903000","0","0","0.00","0.00","0","0","0.00","0","0","0"
"Finocam - Notitieboek Nexo, harde kaft, blanco, rood | Groot notitieboek met microgeperforeerde bladen | Vakje en pennenlus | 72 bladzijden, ideaal om te schrijven en te tekenen","B0DV5S28WK","B0DV5S28WK","Finocam","Bureauaccessoires en opslag","22903000","0","0","0.00","0.00","0","0","0.00","0","0","0"
"Finocam - Notitieboek Nexo, zachte kaft, blanco, zwart | A5-notitieboek met microgeperforeerde bladen | Vakje en pennenlus | 72 bladzijden, ideaal om te schrijven en te tekenen","B0DV5S2BDS","B0DV5S2BDS","Finocam","Bureauaccessoires en opslag","22903000","0","0","0.00","0.00","0","0","0.00","0","0","0"
"Finocam - Documentenmap met ritssluiting Nopal olijfgroen","B0DV5S2Z1M","B0DV5S2Z1M","Finocam","Bureauaccessoires en opslag","22903000","2","0","0.00","0.00","0","0","0.00","0","0","0"
"Finocam - Agenda Spiraal 18 maanden 2025 2026 horizontale weekweergave juli 2025 - december 2026 (18 maanden) rood internationaal","B0DV5S2ZTW","B0DV5S2ZTW","Finocam","Bureauaccessoires en opslag","22903000","6","10","0.00","0.00","0","0","0.00","0","0","0"
"Finocam - Agenda Dotted 16 maanden 2025 2026 horizontale weekweergave september 2025 - december 2026 (16 maanden) roze internationaal","B0DV5S3DLT","B0DV5S3DLT","Finocam","Bureauaccessoires en opslag","22903000","0","24","0.00","12.81","0","1","0.00","0","0","4.2"
"Finocam - Documentenmap met ritssluiting Nopal olijfgroen","B0DV5S3FFC","B0DV5S3FFC","Finocam","Bureauaccessoires en opslag","22903000","7","0","0.00","0.00","0","0","0.00","0","0","0"
"Finocam - Notitieboek Nexo, harde kaft, blanco, fuchsia | A5-notitieboek met microgeperforeerde bladen | Vakje en pennenlus | 72 bladzijden, ideaal om te schrijven en te tekenen","B0DV5S48FW","B0DV5S48FW","Finocam","Bureauaccessoires en opslag","22903000","0","0","0.00","0.00","0","0","0.00","0","0","0"
"Finocam - Agenda Ikon 16 maanden 2025 2026 verticale weekweergave september 2025 - december 2026 (16 maanden) zwart internationaal","B0DV5S4BWK","B0DV5S4BWK","Finocam","Bureauaccessoires en opslag","22903000","3","0","0.00","0.00","0","0","0.00","0","0","0"
"Finocam - Notitieboek Nexo, harde kaft, blanco, turquoise | Groot notitieboek met microgeperforeerde bladen | Vakje en pennenlus | 72 bladzijden, ideaal om te schrijven en te tekenen","B0DV5S4FJ5","B0DV5S4FJ5","Finocam","Bureauaccessoires en opslag","22903000","6","0","0.00","0.00","0","0","0.00","0","0","0"
"Finocam - Notitieboek Nexo, harde kaft, blanco, roze | Klein notitieboekje met microgeperforeerde bladen | Vakje en pennenlus | 72 bladzijden, ideaal om te schrijven en te tekenen","B0DV5S5D1S","B0DV5S5D1S","Finocam","Bureauaccessoires en opslag","22903000","0","0","0.00","0.00","0","0","0.00","0","0","0"
"Finocam - Agenda Mínimal 18 maanden 2025 2026 horizontale weekweergave juli 2025 - december 2026 (18 maanden) Girl internationaal","B0DV5S5HYM","B0DV5S5HYM","Finocam","Bureauaccessoires en opslag","22903000","0","16","0.00","0.00","0","0","0.00","0","0","0"
"Finocam - Notitieboek Nexo, zachte kaft, blanco, turquoise | A5-notitieboek met microgeperforeerde bladen | Vakje en pennenlus | 72 bladzijden, ideaal om te schrijven en te tekenen","B0DV5S5VVP","B0DV5S5VVP","Finocam","Bureauaccessoires en opslag","22903000","0","0","0.00","0.00","0","0","0.00","0","0","0"
"Finocam - Notitieboek Nexo, harde kaft, Dotted (gestippeld), turquoise | Klein notitieboekje met microgeperforeerde bladen | Vakje en pennenlus | 72 bladzijden, ideaal voor Bullet Journal","B0DV5S697F","B0DV5S697F","Finocam","Bureauaccessoires en opslag","22903000","0","0","0.00","0.00","0","0","0.00","0","0","0"
"Finocam - Notitieboek Nexo, zachte kaft, horizontale lijntjes, zwart | A5-notitieboek met microgeperforeerde bladen | Vakje en pennenlus | 72 bladzijden, ideaal voor aantekeningen en om te schrijven","B0DV5S69BB","B0DV5S69BB","Finocam","Bureauaccessoires en opslag","22903000","3","0","0.00","0.00","0","0","0.00","0","0","0"
"Finocam - Notitieboek Nexo, zachte kaft, blanco, rood | Klein notitieboekje met microgeperforeerde bladen | Vakje en pennenlus | 72 bladzijden, ideaal om te schrijven en te tekenen","B0DV5S6FCS","B0DV5S6FCS","Finocam","Bureauaccessoires en opslag","22903000","0","0","0.00","0.00","0","0","0.00","0","0","0"
"Finocam - Agenda Mara 18 maanden 2025 2026 verticale weekweergave juli 2025 - december 2026 (18 maanden) Daisy internationaal","B0DV5S6TBB","B0DV5S6TBB","Finocam","Bureauaccessoires en opslag","22903000","6","14","0.00","0.00","0","0","0.00","0","0","0"
"Finocam - Notitieboek Nexo, harde kaft, horizontale lijntjes, camel | A5-notitieboek met microgeperforeerde bladen | Vakje en pennenlus | 72 bladzijden, ideaal voor aantekeningen en om te schrijven","B0DV5S6TGW","B0DV5S6TGW","Finocam","Bureauaccessoires en opslag","22903000","0","0","0.00","0.00","0","0","0.00","0","0","0"
"Finocam - Notitieboek Nexo, harde kaft, blanco, roze | Groot notitieboek met microgeperforeerde bladen | Vakje en pennenlus | 72 bladzijden, ideaal om te schrijven en te tekenen","B0DV5S7BYZ","B0DV5S7BYZ","Finocam","Bureauaccessoires en opslag","22903000","6","0","0.00","0.00","0","0","0.00","0","0","0"
"Finocam - Notitieboek Nexo, zachte kaft, horizontale lijntjes, camel | A5-notitieboek met microgeperforeerde bladen | Vakje en pennenlus | 72 bladzijden, ideaal voor aantekeningen en om te schrijven","B0DV5S8FGS","B0DV5S8FGS","Finocam","Bureauaccessoires en opslag","22903000","0","0","0.00","0.00","0","0","0.00","0","0","0"
"Finocam - Notitieboek Nexo, zachte kaft, blanco, donkergroen | A5-notitieboek met microgeperforeerde bladen | Vakje en pennenlus | 72 bladzijden, ideaal om te schrijven en te tekenen","B0DV5S8N2P","B0DV5S8N2P","Finocam","Bureauaccessoires en opslag","22903000","0","0","0.00","0.00","0","0","0.00","0","0","0"
"Finocam - Agenda Mínimal 18 maanden 2025 2026 horizontale weekweergave juli 2025 - december 2026 (18 maanden) rood internationaal","B0DV5SCFGG","B0DV5SCFGG","Finocam","Bureauaccessoires en opslag","22903000","7","4","0.00","0.00","0","0","0.00","0","0","0"
"Finocam - Agenda Spiraal 18 maanden 2025 2026 horizontale weekweergave juli 2025 - december 2026 (18 maanden) Daisy internationaal","B0DV5SCJMK","B0DV5SCJMK","Finocam","Bureauaccessoires en opslag","22903000","0","11","0.00","0.00","0","0","0.00","0","0","0"
"Finocam - Notitieboek Nexo, zachte kaft, Dotted (gestippeld), turquoise | Klein notitieboekje met microgeperforeerde bladen | Vakje en pennenlus | 72 bladzijden, ideaal voor Bullet Journal","B0DV5SD5LQ","B0DV5SD5LQ","Finocam","Bureauaccessoires en opslag","22903000","3","0","0.00","0.00","0","0","0.00","0","0","0"
"Finocam - Notitieboek Nexo, harde kaft, horizontale lijntjes, rood | A5-notitieboek met microgeperforeerde bladen | Vakje en pennenlus | 72 bladzijden, ideaal voor aantekeningen en om te schrijven","B0DV5SDK7J","B0DV5SDK7J","Finocam","Bureauaccessoires en opslag","22903000","0","0","0.00","0.00","0","0","0.00","0","0","0"
"Finocam - Notitieboek Nexo, zachte kaft, Dotted (gestippeld), camel | A5-notitieboek met microgeperforeerde bladen | Vakje en pennenlus | 72 bladzijden, ideaal voor Bullet Journal","B0DV5SDYWJ","B0DV5SDYWJ","Finocam","Bureauaccessoires en opslag","22903000","0","0","0.00","0.00","0","0","0.00","0","0","0"
"Finocam - Notitieboek Nexo, zachte kaft, blanco, camel | Klein notitieboekje met microgeperforeerde bladen | Vakje en pennenlus | 72 bladzijden, ideaal om te schrijven en te tekenen","B0DV5SF48G","B0DV5SF48G","Finocam","Bureauaccessoires en opslag","22903000","0","0","0.00","0.00","0","0","0.00","0","0","0"
"Finocam - Agenda Mínimal 18 maanden 2025 2026 horizontale weekweergave juli 2025 - december 2026 (18 maanden) rood internationaal","B0DV5SF6QP","B0DV5SF6QP","Finocam","Bureauaccessoires en opslag","22903000","5","2","0.00","0.00","0","0","0.00","0","0","0"
"Finocam - Agenda Mara 18 maanden 2025 2026 verticale weekweergave juli 2025 - december 2026 (18 maanden) Girl internationaal","B0DV5SF8F5","B0DV5SF8F5","Finocam","Bureauaccessoires en opslag","22903000","6","30","0.00","0.00","0","0","0.00","0","0","0"
"Finocam - Notitieboek Nexo, harde kaft, blanco, turquoise | A5-notitieboek met microgeperforeerde bladen | Vakje en pennenlus | 72 bladzijden, ideaal om te schrijven en te tekenen","B0DV5SFFLD","B0DV5SFFLD","Finocam","Bureauaccessoires en opslag","22903000","5","0","0.00","0.00","0","0","0.00","0","0","0"
"Finocam - Notitieboek Nexo, harde kaft, horizontale lijntjes, rood | Klein notitieboekje met microgeperforeerde bladen | Vakje en pennenlus | 72 bladzijden, ideaal om te schrijven","B0DV5SFR49","B0DV5SFR49","Finocam","Bureauaccessoires en opslag","22903000","0","0","0.00","0.00","0","0","0.00","0","0","0"
"Finocam - Agenda Mínimal 18 maanden 2025 2026 horizontale weekweergave juli 2025 - december 2026 (18 maanden) zwart internationaal","B0DV5SG4SD","B0DV5SG4SD","Finocam","Bureauaccessoires en opslag","22903000","1","6","0.00","0.00","0","0","0.00","0","0","0"
"Finocam - Notitieboek Nexo, harde kaft, horizontale lijntjes, roze | A5-notitieboek met microgeperforeerde bladen | Vakje en pennenlus | 72 bladzijden, ideaal voor aantekeningen en om te schrijven","B0DV5SGN6K","B0DV5SGN6K","Finocam","Bureauaccessoires en opslag","22903000","0","0","0.00","0.00","0","0","0.00","0","0","0"
"Finocam - Notitieboek Nexo, harde kaft, blanco, hemelsblauw | A5-notitieboek met microgeperforeerde bladen | Vakje en pennenlus | 72 bladzijden, ideaal om te schrijven en te tekenen","B0DV5SGZGV","B0DV5SGZGV","Finocam","Bureauaccessoires en opslag","22903000","3","0","0.00","0.00","0","0","0.00","0","0","0"
"Finocam - Notitieboek Nexo, harde kaft, horizontale lijntjes, turquoise | A5-notitieboek met microgeperforeerde bladen | Vakje en pennenlus | 72 bladzijden, ideaal voor aantekeningen en schrijven","B0DV5SH9PL","B0DV5SH9PL","Finocam","Bureauaccessoires en opslag","22903000","0","0","0.00","0.00","0","0","0.00","0","0","0"
"Finocam - Notitieboek Nexo, zachte kaft, blanco, turquoise | Groot notitieboek met microgeperforeerde bladen | Vakje en pennenlus | 72 bladzijden, ideaal om te schrijven en te tekenen","B0DV5SJ4Z8","B0DV5SJ4Z8","Finocam","Bureauaccessoires en opslag","22903000","0","0","0.00","0.00","0","0","0.00","0","0","0"
"Finocam - Notitieboek Nexo, zachte kaft, Dotted (gestippeld), marineblauw | Klein notitieboekje met microgeperforeerde bladen | Vakje en pennenlus | 72 bladzijden, ideaal voor Bullet Journal","B0DV5SJ6GB","B0DV5SJ6GB","Finocam","Bureauaccessoires en opslag","22903000","6","0","0.00","0.00","0","0","0.00","0","0","0"
"Finocam - Notitieboek Nexo, zachte kaft, blanco, roze | A5-notitieboek met microgeperforeerde bladen | Vakje en pennenlus | 72 bladzijden, ideaal om te schrijven en te tekenen","B0DV5SJB3Z","B0DV5SJB3Z","Finocam","Bureauaccessoires en opslag","22903000","0","0","0.00","0.00","0","0","0.00","0","0","0"
"Finocam - Notitieboek Nexo, harde kaft, Dotted (gestippeld), camel | Klein notitieboekje met microgeperforeerde bladen | Vakje en pennenlus | 72 bladzijden, ideaal voor Bullet Journal","B0DV5SJHC9","B0DV5SJHC9","Finocam","Bureauaccessoires en opslag","22903000","0","0","0.00","0.00","0","0","0.00","0","0","0"
"Finocam - Notitieboek Nexo, harde kaft, Dotted (gestippeld), rood | Klein notitieboekje met microgeperforeerde bladen | Vakje en pennenlus | 72 bladzijden, ideaal voor Bullet Journal","B0DV5SK66B","B0DV5SK66B","Finocam","Bureauaccessoires en opslag","22903000","5","0","0.00","0.00","0","0","0.00","0","0","0"
"Finocam - Documentenmap met ritssluiting Nopal zwart","B0DV5SLJL1","B0DV5SLJL1","Finocam","Bureauaccessoires en opslag","22903000","5","0","0.00","0.00","0","0","0.00","0","0","0"
"Finocam - Notitieboek Nexo, zachte kaft, horizontale lijntjes, turquoise | Klein notitieboekje met microgeperforeerde bladen | Vakje en pennenlus | 72 bladzijden, ideaal om te schrijven","B0DV5SM2G9","B0DV5SM2G9","Finocam","Bureauaccessoires en opslag","22903000","0","0","0.00","0.00","0","0","0.00","0","0","0"
"Finocam - Notitieboek Nexo, zachte kaft, horizontale lijntjes, turquoise | A5-notitieboek met microgeperforeerde bladen | Vakje en pennenlus | 72 bladzijden, ideaal om te schrijven","B0DV5SM5DS","B0DV5SM5DS","Finocam","Bureauaccessoires en opslag","22903000","0","0","0.00","0.00","0","0","0.00","0","0","0"
"Finocam - Agenda Mara 18 maanden 2025 2026 verticale weekweergave juli 2025 - december 2026 (18 maanden) rood internationaal","B0DV5SM6CT","B0DV5SM6CT","Finocam","Bureauaccessoires en opslag","22903000","6","1","0.00","0.00","0","0","0.00","0","0","0"
"Finocam - Notitieboek Nexo, zachte kaft, blanco, zwart | Klein notitieboekje met microgeperforeerde bladen | Vakje en pennenlus | 72 bladzijden, ideaal om te schrijven en te tekenen","B0DV5SMZS8","B0DV5SMZS8","Finocam","Bureauaccessoires en opslag","22903000","3","0","0.00","0.00","0","0","0.00","0","0","0"
"Finocam - Notitieboek Nexo, zachte kaft, Dotted (gestippeld), marineblauw | Groot notitieboek met microgeperforeerde bladen | Vakje en pennenlus | 72 bladzijden, ideaal voor Bullet Journal","B0DV5SN944","B0DV5SN944","Finocam","Bureauaccessoires en opslag","22903000","5","0","0.00","0.00","0","0","0.00","0","0","0"
"Finocam - Documentenmap met ritssluiting Nopal zwart","B0DV5SNSCV","B0DV5SNSCV","Finocam","Bureauaccessoires en opslag","22903000","2","0","0.00","0.00","0","0","0.00","0","0","0"
"Finocam - Agenda Mínimal 18 maanden 2025 2026 horizontale weekweergave juli 2025 - december 2026 (18 maanden) Pretty internationaal","B0DV5SPF75","B0DV5SPF75","Finocam","Bureauaccessoires en opslag","22903000","0","0","0.00","0.00","0","0","0.00","0","0","0"
"Finocam - Notitieboek Nexo, zachte kaft, Dotted (gestippeld), zwart | Groot notitieboek met microgeperforeerde bladen | Vakje en pennenlus | 72 bladzijden, ideaal voor Bullet Journal","B0DV5SQ34P","B0DV5SQ34P","Finocam","Bureauaccessoires en opslag","22903000","0","0","0.00","0.00","0","0","0.00","0","0","0"
"Finocam - Notitieboek Nexo, zachte kaft, blanco, zwart | Groot notitieboek met microgeperforeerde bladen | Vakje en pennenlus | 72 bladzijden, ideaal om te schrijven en te tekenen","B0DV5SQ5BZ","B0DV5SQ5BZ","Finocam","Bureauaccessoires en opslag","22903000","3","0","0.00","0.00","0","0","0.00","0","0","0"
"Finocam - Notitieboek Nexo, zachte kaft, blanco, geel | A5-notitieboek met microgeperforeerde bladen | Vakje en pennenlus | 72 bladzijden, ideaal om te schrijven en te tekenen","B0DV5SRF1P","B0DV5SRF1P","Finocam","Bureauaccessoires en opslag","22903000","0","0","0.00","0.00","0","0","0.00","0","0","0"
"Finocam - Notitieboek Nexo, zachte kaft, blanco, fuchsia | Klein notitieboekje met microgeperforeerde bladen | Vakje en pennenlus | 72 bladzijden, ideaal om te schrijven en te tekenen","B0DV5SRQ7Q","B0DV5SRQ7Q","Finocam","Bureauaccessoires en opslag","22903000","0","0","0.00","0.00","0","0","0.00","0","0","0"
"Finocam - Notitieboek Nexo, harde kaft, blanco, rood | Klein notitieboekje met microgeperforeerde bladen | Vakje en pennenlus | 72 bladzijden, ideaal om te schrijven en te tekenen","B0DV5SSCSM","B0DV5SSCSM","Finocam","Bureauaccessoires en opslag","22903000","5","0","0.00","0.00","0","0","0.00","0","0","0"
"Finocam - Notitieboek Nexo, harde kaft, Dotted (gestippeld), turquoise | A5-notitieboek met microgeperforeerde bladen | Vakje en pennenlus | 72 bladzijden, ideaal voor Bullet Journal","B0DV5SSCSS","B0DV5SSCSS","Finocam","Bureauaccessoires en opslag","22903000","0","0","0.00","0.00","0","0","0.00","0","0","0"
"Finocam - Agenda Spiraal 18 maanden 2025 2026 2 dagen per pagina juli 2025 - december 2026 (18 maanden) Daisy internationaal","B0DV5ST391","B0DV5ST391","Finocam","Bureauaccessoires en opslag","22903000","0","3","0.00","0.00","0","0","0.00","0","0","0"
"Finocam - Notitieboek Nexo, harde kaft, horizontale lijntjes, zwart | Groot notitieboek met microgeperforeerde bladen | Vakje en pennenlus | 72 bladzijden, ideaal om te schrijven","B0DV5STGHK","B0DV5STGHK","Finocam","Bureauaccessoires en opslag","22903000","0","0","0.00","0.00","0","0","0.00","0","0","0"
"Finocam - Agenda Mara 18 maanden 2025 2026 1 dag per pagina juli 2025 - december 2026 (18 maanden) zwart internationaal","B0DV5SW6CG","B0DV5SW6CG","Finocam","Bureauaccessoires en opslag","22903000","0","2","0.00","19.01","0","1","0.00","0","0","50"
"Finocam - Agenda Mínimal 18 maanden 2025 2026 horizontale weekweergave juli 2025 - december 2026 (18 maanden) Daisy internationaal","B0DV5SWV8G","B0DV5SWV8G","Finocam","Bureauaccessoires en opslag","22903000","0","1","0.00","0.00","0","0","0.00","0","0","0"
"Finocam - Notitieboek Nexo, harde kaft, blanco, zwart | Klein notitieboekje met microgeperforeerde bladen | Vakje en pennenlus | 72 bladzijden, ideaal om te schrijven en te tekenen","B0DV5SX6J9","B0DV5SX6J9","Finocam","Bureauaccessoires en opslag","22903000","0","0","0.00","0.00","0","0","0.00","0","0","0"
"Finocam - Notitieboek Nexo, harde kaft, Dotted (gestippeld), zwart | A5-notitieboek met microgeperforeerde bladen | Vakje en pennenlus | 72 bladzijden, ideaal voor Bullet Journal","B0DV5SXHWD","B0DV5SXHWD","Finocam","Bureauaccessoires en opslag","22903000","0","0","0.00","0.00","0","0","0.00","0","0","0"
"Finocam - Agenda Ikon 16 maanden 2025 2026 1 dag per pagina september 2025 - december 2026 (16 maanden) zwart internationaal","B0DV5SXWSR","B0DV5SXWSR","Finocam","Bureauaccessoires en opslag","22903000","0","10","0.00","0.00","0","0","0.00","0","0","0"
"Finocam - Agenda Mínimal 18 maanden 2025 2026 horizontale weekweergave juli 2025 - december 2026 (18 maanden) Daisy internationaal","B0DV5SYL1L","B0DV5SYL1L","Finocam","Bureauaccessoires en opslag","22903000","6","7","0.00","0.00","0","0","0.00","0","0","0"
"Finocam - Notitieboek Nexo, zachte kaft, blanco, roze | Groot notitieboek met microgeperforeerde bladen | Vakje en pennenlus | 72 bladzijden, ideaal om te schrijven en te tekenen","B0DV5SYNWZ","B0DV5SYNWZ","Finocam","Bureauaccessoires en opslag","22903000","0","0","0.00","0.00","0","0","0.00","0","0","0"
"Finocam - Notitieboek Nexo, zachte kaft, Dotted (gestippeld), roze | A5-notitieboek met microgeperforeerde bladen | Vakje en pennenlus | 72 bladzijden, ideaal voor Bullet Journal","B0DV5T33V8","B0DV5T33V8","Finocam","Bureauaccessoires en opslag","22903000","0","0","0.00","0.00","0","0","0.00","0","0","0"
"Finocam - Notitieboek Nexo, harde kaft, horizontale lijntjes, marineblauw | Klein notitieboekje met microgeperforeerde bladen | Vakje en pennenlus | 72 bladzijden, ideaal om te schrijven","B0DV5T42SB","B0DV5T42SB","Finocam","Bureauaccessoires en opslag","22903000","0","0","0.00","0.00","0","0","0.00","0","0","0"
"Finocam - Notitieboek Nexo, harde kaft, blanco, roze | A5-notitieboek met microgeperforeerde bladen | Vakje en pennenlus | 72 bladzijden, ideaal om te schrijven en te tekenen","B0DV5T4WDC","B0DV5T4WDC","Finocam","Bureauaccessoires en opslag","22903000","0","0","0.00","0.00","0","0","0.00","0","0","0"
"Finocam - Agenda Spiraal 18 maanden 2025 2026 2 dagen per pagina juli 2025 - december 2026 (18 maanden) zwart internationaal","B0DV5T5HMK","B0DV5T5HMK","Finocam","Bureauaccessoires en opslag","22903000","3","1","0.00","0.00","0","0","0.00","0","0","0"
"Finocam - Agenda Capri 16 maanden 2025 2026 horizontale weekweergave september 2025 - december 2026 16 maanden zwart internationaal, Weekweergave Horizontaal, Klein - F4-118x168 mm","B0DV5T5WD5","B0DV5T5WD5","Finocam","Bureauaccessoires en opslag","22903000","4","10","0.00","11.43","0","1","0.00","0","0","10"
"Finocam - Notitieboek Nexo, zachte kaft, Dotted (gestippeld), turquoise | A5-notitieboek met microgeperforeerde bladen | Vakje en pennenlus | 72 bladzijden, ideaal voor Bullet Journal","B0DV5T6247","B0DV5T6247","Finocam","Bureauaccessoires en opslag","22903000","0","0","0.00","0.00","0","0","0.00","0","0","0"
"Finocam - Notitieboek Nexo, harde kaft, blanco, camel | Klein notitieboekje met microgeperforeerde bladen | Vakje en pennenlus | 72 bladzijden, ideaal om te schrijven en te tekenen","B0DV5T72Q8","B0DV5T72Q8","Finocam","Bureauaccessoires en opslag","22903000","0","0","0.00","0.00","0","0","0.00","0","0","0"
"Finocam - Agenda Spiraal 18 maanden 2025 2026 horizontale weekweergave juli 2025 - december 2026 (18 maanden) Girl internationaal","B0DV5T8Q5W","B0DV5T8Q5W","Finocam","Bureauaccessoires en opslag","22903000","0","10","0.00","0.00","0","0","0.00","0","0","0"
"Finocam - Notitieboek Nexo, harde kaft, Dotted (gestippeld), zwart | Groot notitieboek met microgeperforeerde bladen | Vakje en pennenlus | 72 bladzijden, ideaal voor Bullet Journal","B0DV5TDDWQ","B0DV5TDDWQ","Finocam","Bureauaccessoires en opslag","22903000","0","0","0.00","0.00","0","0","0.00","0","0","0"
"Finocam - Notitieboek Nexo, zachte kaft, blanco, geel | Klein notitieboekje met microgeperforeerde bladen | Vakje en pennenlus | 72 bladzijden, ideaal om te schrijven en te tekenen","B0DV5XDJDR","B0DV5XDJDR","Finocam","Bureauaccessoires en opslag","22903000","0","0","0.00","0.00","0","0","0.00","0","0","0"
"Finocam - Agenda Spiraal 18 maanden 2025 2026 horizontale weekweergave juli 2025 - december 2026 (18 maanden) Pretty internationaal","B0DV5XDTVN","B0DV5XDTVN","Finocam","Bureauaccessoires en opslag","22903000","3","22","0.00","11.57","0","1","0.00","0","0","4.5"
"Finocam - Notitieboek Nexo, harde kaft, Dotted (gestippeld), marineblauw | Klein notitieboekje met microgeperforeerde bladen | Vakje en pennenlus | 72 bladzijden, ideaal voor Bullet Journal","B0DV5XF55X","B0DV5XF55X","Finocam","Bureauaccessoires en opslag","22903000","0","0","0.00","0.00","0","0","0.00","0","0","0"
"Finocam - Notitieboek Nexo, zachte kaft, horizontale lijntjes, roze | Klein notitieboekje met microgeperforeerde bladen | Vakje en pennenlus | 72 bladzijden, ideaal om te schrijven","B0DV5XF998","B0DV5XF998","Finocam","Bureauaccessoires en opslag","22903000","3","0","0.00","0.00","0","0","0.00","0","0","0"
"Finocam - Notitieboek Nexo, zachte kaft, Dotted (gestippeld), rood | Klein notitieboekje met microgeperforeerde bladen | Vakje en pennenlus | 72 bladzijden, ideaal voor Bullet Journal","B0DV5XM31W","B0DV5XM31W","Finocam","Bureauaccessoires en opslag","22903000","0","0","0.00","0.00","0","0","0.00","0","0","0"
"Finocam - Notitieboek Nexo, zachte kaft, blanco, roze | Klein notitieboekje met microgeperforeerde bladen | Vakje en pennenlus | 72 bladzijden, ideaal om te schrijven en te tekenen","B0DV5ZHKSM","B0DV5ZHKSM","Finocam","Bureauaccessoires en opslag","22903000","0","0","0.00","0.00","0","0","0.00","0","0","0"
"Finocam - Notitieboek Nexo, zachte kaft, blanco, donkergroen | Klein notitieboekje met microgeperforeerde bladen | Vakje en pennenlus | 72 bladzijden, ideaal om te schrijven en te tekenen","B0DV5ZK39L","B0DV5ZK39L","Finocam","Bureauaccessoires en opslag","22903000","3","0","0.00","0.00","0","0","0.00","0","0","0"
"Finocam - Notitieboek Nexo, zachte kaft, horizontale lijntjes, rood | A5-notitieboek met microgeperforeerde bladen | Vakje en pennenlus | 72 bladzijden, ideaal voor aantekeningen en om te schrijven","B0DV5ZKR93","B0DV5ZKR93","Finocam","Bureauaccessoires en opslag","22903000","3","0","0.00","0.00","0","0","0.00","0","0","0"
"Finocam - Notitieboek Nexo, harde kaft, horizontale lijntjes, roze | Klein notitieboekje met microgeperforeerde bladen | Vakje en pennenlus | 72 bladzijden, ideaal om te schrijven","B0DV623DC3","B0DV623DC3","Finocam","Bureauaccessoires en opslag","22903000","0","0","0.00","0.00","0","0","0.00","0","0","0"
"Finocam - Notitieboek Nexo, zachte kaft, horizontale lijntjes, marineblauw | A5-notitieboek met microgeperforeerde bladen | Vakje en pennenlus | 72 bladzijden, ideaal om te schrijven","B0DV642GB5","B0DV642GB5","Finocam","Bureauaccessoires en opslag","22903000","0","0","0.00","0.00","0","0","0.00","0","0","0"
"Finocam - Notitieboek Nexo, zachte kaft, Dotted (gestippeld), zwart | A5-notitieboek met microgeperforeerde bladen | Vakje en pennenlus | 72 bladzijden, ideaal voor Bullet Journal","B0DV642H4Y","B0DV642H4Y","Finocam","Bureauaccessoires en opslag","22903000","8","0","0.00","0.00","0","0","0.00","0","0","0"
"Finocam - Notitieboek Nexo, harde kaft, blanco, marineblauw | Klein notitieboekje met microgeperforeerde bladen | Vakje en pennenlus | 72 bladzijden, ideaal om te schrijven en te tekenen","B0DV642JBZ","B0DV642JBZ","Finocam","Bureauaccessoires en opslag","22903000","0","0","0.00","0.00","0","0","0.00","0","0","0"
"Finocam - Notitieboek Nexo, zachte kaft, Dotted (gestippeld), roze | Klein notitieboekje met microgeperforeerde bladen | Vakje en pennenlus | 72 bladzijden, ideaal voor Bullet Journal","B0DV642N1Q","B0DV642N1Q","Finocam","Bureauaccessoires en opslag","22903000","0","0","0.00","0.00","0","0","0.00","0","0","0"
"Finocam - Notitieboek Nexo, harde kaft, horizontale lijntjes, zwart | Klein notitieboekje met microgeperforeerde bladen | Vakje en pennenlus | 72 bladzijden, ideaal om te schrijven","B0DV642X27","B0DV642X27","Finocam","Bureauaccessoires en opslag","22903000","0","0","0.00","0.00","0","0","0.00","0","0","0"
"Finocam - Notitieboek Nexo, harde kaft, blanco, geel | A5-notitieboek met microgeperforeerde bladen | Vakje en pennenlus | 72 bladzijden, ideaal om te schrijven en te tekenen","B0DV6437CK","B0DV6437CK","Finocam","Bureauaccessoires en opslag","22903000","1","0","0.00","0.00","0","0","0.00","0","0","0"
"Finocam - Notitieboek Nexo, zachte kaft, blanco, camel | Groot notitieboek met microgeperforeerde bladen | Vakje en pennenlus | 72 bladzijden, ideaal om te schrijven en te tekenen","B0DV643CCM","B0DV643CCM","Finocam","Bureauaccessoires en opslag","22903000","0","0","0.00","0.00","0","0","0.00","0","0","0"
"Finocam - Notitieboek Nexo, zachte kaft, horizontale lijntjes, rood | Klein notitieboekje met microgeperforeerde bladen | Vakje en pennenlus | 72 bladzijden, ideaal om te schrijven","B0DV643PP5","B0DV643PP5","Finocam","Bureauaccessoires en opslag","22903000","0","0","0.00","0.00","0","0","0.00","0","0","0"
"Finocam - Notitieboek Nexo, harde kaft, Dotted (gestippeld), roze | A5-notitieboek met microgeperforeerde bladen | Vakje en pennenlus | 72 bladzijden, ideaal voor Bullet Journal","B0DV6459KY","B0DV6459KY","Finocam","Bureauaccessoires en opslag","22903000","0","0","0.00","0.00","0","0","0.00","0","0","0"
"Finocam - Notitieboek Nexo, zachte kaft, Dotted (gestippeld), rood | A5-notitieboek met microgeperforeerde bladen | Vakje en pennenlus | 72 bladzijden, ideaal voor Bullet Journal","B0DV66L57J","B0DV66L57J","Finocam","Bureauaccessoires en opslag","22903000","0","0","0.00","0.00","0","0","0.00","0","0","0"
"Finocam - Notitieboek Nexo, zachte kaft, blanco, hemelsblauw | A5-notitieboek met microgeperforeerde bladen | Vakje en pennenlus | 72 bladzijden, ideaal om te schrijven en te tekenen","B0DV66LGJ2","B0DV66LGJ2","Finocam","Bureauaccessoires en opslag","22903000","3","0","0.00","0.00","0","0","0.00","0","0","0"
"Finocam - Notitieboek Nexo, harde kaft, horizontale lijntjes, zwart | A5-notitieboek met microgeperforeerde bladen | Vakje en pennenlus | 72 bladzijden, ideaal voor aantekeningen en om te schrijven","B0DV66LNT8","B0DV66LNT8","Finocam","Bureauaccessoires en opslag","22903000","2","0","0.00","0.00","0","0","0.00","0","0","0"
"Finocam - Notitieboek Nexo, harde kaft, Dotted (gestippeld), marineblauw | A5-notitieboek met microgeperforeerde bladen | Vakje en pennenlus | 72 bladzijden, ideaal voor Bullet Journal","B0DV66RV6G","B0DV66RV6G","Finocam","Bureauaccessoires en opslag","22903000","0","0","0.00","0.00","0","0","0.00","0","0","0"
"Finocam - Notitieboek Nexo, harde kaft, Dotted (gestippeld), roze | Klein notitieboekje met microgeperforeerde bladen | Vakje en pennenlus | 72 bladzijden, ideaal voor Bullet Journal","B0DV689WY2","B0DV689WY2","Finocam","Bureauaccessoires en opslag","22903000","0","0","0.00","0.00","0","0","0.00","0","0","0"
"Finocam - Notitieboek Nexo, zachte kaft, blanco, marineblauw | A5-notitieboek met microgeperforeerde bladen | Vakje en pennenlus | 72 bladzijden, ideaal om te schrijven en te tekenen","B0DV68CNCV","B0DV68CNCV","Finocam","Bureauaccessoires en opslag","22903000","0","0","0.00","0.00","0","0","0.00","0","0","0"
"Finocam - Notitieboek Nexo, zachte kaft, blanco, turquoise | Klein notitieboekje met microgeperforeerde bladen | Vakje en pennenlus | 72 bladzijden, ideaal om te schrijven en te tekenen","B0DV6CW6KZ","B0DV6CW6KZ","Finocam","Bureauaccessoires en opslag","22903000","0","0","0.00","0.00","0","0","0.00","0","0","0"
"Finocam - Notitieboek Nexo, zachte kaft, Dotted (gestippeld), camel | Klein notitieboekje met microgeperforeerde bladen | Vakje en pennenlus | 72 bladzijden, ideaal voor Bullet Journal","B0DV6CX3K6","B0DV6CX3K6","Finocam","Bureauaccessoires en opslag","22903000","0","0","0.00","0.00","0","0","0.00","0","0","0"
"Finocam - Notitieboek Nexo, harde kaft, blanco, donkergroen | A5-notitieboek met microgeperforeerde bladen | Vakje en pennenlus | 72 bladzijden, ideaal om te schrijven en te tekenen","B0DV6CXHS5","B0DV6CXHS5","Finocam","Bureauaccessoires en opslag","22903000","0","0","0.00","0.00","0","0","0.00","0","0","0"
"Finocam – Diary Planner + Notes Month to View 2026 Month View + Notes January 2026 – December 2026 12 months Grey International, Maandweergave + Notities, Medium (250x200 mm)","B0F9L9D316","B0F9L9D316","Finocam","Papierproducten","22903000","6","0","0.00","0.00","0","0","0.00","0","0","0"
"Finocam - Planner 2026 Vertical Week to View | January - December 12 months | A5 Planner with elastic band and knitted tape | Softcover Capri - Black - International, Weekweergave Verticaal, Zwart","B0F9L9M53Z","B0F9L9M53Z","Finocam","Papierproducten","22903000","5","0","0.00","0.00","0","0","0.00","0","0","0"
"Finocam - Wall Calendar 2026 30x30 cm Month to View January - December 2026 + Sep.- Dec. 2025 (4 months) reduced | Calendar 2026 | Images Amsterdam - International","B0F9L9VB83","B0F9L9VB83","Finocam","Papierproducten","22903000","8","0","0.00","0.00","0","0","0.00","0","0","0"
"Finocam - Wall Calendar 2026 18x18 cm Month to View January - December 2026 + Sep.- Dec. 2025 (4 months) reduced | Calendar 2026 | Images Madrid - International","B0F9LB43TP","B0F9LB43TP","Finocam","Papierproducten","22903000","0","0","0.00","0.00","0","0","0.00","0","0","0"
"Finocam - Planner Month to View 2026 Month to View January 2026 – December 2026 12 months Grey International, Maandweergave, Medium (Y11-165x240 mm)","B0F9LBV1D3","B0F9LBV1D3","Finocam","Papierproducten","22903000","9","0","0.00","0.00","0","0","0.00","0","0","0"
"Finocam - Desktop Calendar 2026 Month to View January - December 2026 + Sep.-Dec. 2025 (4 months) reduced | Calendar 2026 | Images Madrid - International","B0F9LBV7J5","B0F9LBV7J5","Finocam","Papierproducten","22903000","3","0","0.00","0.00","0","0","0.00","0","0","0"
"Finocam - Planner 2026 Horizontal Week to View | January - December 12 months | B5 Annual Planner 2026 with elastic band | Double Spiral Hardcover Optimal - Emma - International, B5-176x250 mm","B0F9LC83P3","B0F9LC83P3","Finocam","Papierproducten","22903000","3","0","0.00","0.00","0","0","0.00","0","0","0"
"Finocam - Planner 2026 Horizontal Week to View | January - December 12 months | Annual Planner 2026 with elastic band | Double Spiral Hardcover Optimal - Emma - International, 4º - 155x217 mm","B0F9LCGBLL","B0F9LCGBLL","Finocam","Papierproducten","22903000","3","0","0.00","0.00","0","0","0.00","0","0","0"
"Finocam - Desktop Calendar 2026 Month to View January - December 2026 + Sep.-Dec. 2025 (4 months) reduced | Calendar 2026 | Images Amsterdam - International","B0F9LCQ4FP","B0F9LCQ4FP","Finocam","Papierproducten","22903000","35","0","0.00","0.00","0","0","0.00","0","0","0"
"Finocam - Desktop Calendar 2026 Month to View January - December 2026 + Sep.-Dec. 2025 (4 months) reduced | Calendar 2026 | Images Charming - International","B0F9LCV2PN","B0F9LCV2PN","Finocam","Papierproducten","22903000","7","1","0.00","0.00","0","0","0.00","0","0","0"
"Finocam - Planner 2026 1 Day to View | January - December 12 months | Annual Planner 2026 with elastic band and knitted tape | Hardcover Porto Design - Mauve - International, Dagboek","B0F9LCV63M","B0F9LCV63M","Finocam","Papierproducten","22903000","41","0","0.00","0.00","0","0","0.00","0","0","0"
"Finocam - Planner 2026 2 Pages Day | January - December 12 Months | Annual Planner 2026 | Bound Padded Hardcover Milano - Black - International, 2 pagina’s per dag, Groot - Y12-210x270 mm","B0F9LD2B2W","B0F9LD2B2W","Finocam","Papierproducten","22903000","0","0","0.00","0.00","0","0","0.00","0","0","0"
"Finocam - Spiral Planner 2026 Vertical Week to View | January - December 12 months | Annual Planner 2026 with elastic band | Double Spiral Hardcover You - Wheat - International","B0F9LD4PD6","B0F9LD4PD6","Finocam","Papierproducten","22903000","4","0","0.00","0.00","0","0","0.00","0","0","0"
"Finocam - Spiral Planner 2026 1 Day to View | January - December 12 months | Annual Planner 2026 with elastic band | Double Spiral Hardcover Spiral Alma - Coral - International","B0F9LDHV76","B0F9LDHV76","Finocam","Papierproducten","22903000","3","0","0.00","0.00","0","0","0.00","0","0","0"
"Finocam - Planner 2026 Horizontal Week to View | January - December 12 months | Annual Planner 2026 with elastic band | Hardcover Double Spiral Optimal - Vera - International, 4º - 155x217 mm","B0F9LDPGMW","B0F9LDPGMW","Finocam","Papierproducten","22903000","3","0","0.00","0.00","0","0","0.00","0","0","0"
"Finocam - Spiral Planner 2026 1 Day to View | January - December 12 months | Annual Planner 2026 with elastic band | Double Spiral Hardcover Spiral You - Leaves - International","B0F9LDSGY1","B0F9LDSGY1","Finocam","Papierproducten","22903000","5","0","0.00","0.00","0","0","0.00","0","0","0"
"Finocam - Planner 2026 Horizontal Week to View | January - December 12 months | B5 Annual Planner 2026 with elastic band | Hardcover Double Spiral Optimal - Vera - International, B5-176x250 mm","B0F9LDWNFT","B0F9LDWNFT","Finocam","Papierproducten","22903000","0","0","0.00","0.00","0","0","0.00","0","0","0"
"Finocam - Wall Calendar 2026 18x18 cm Month to View January - December 2026 + Sep.- Dec. 2025 (4 months) reduced | Calendar 2026 | Images Amsterdam - International","B0F9LF6G3W","B0F9LF6G3W","Finocam","Papierproducten","22903000","0","0","0.00","0.00","0","0","0.00","0","0","0"
"Finocam - Planner 2026 1 Day to View | January - December 12 months | A5 Planner with elastic band and knitted tape | Softcover Capri - Happy - International, Dagboek (volledige zaterdag/zondag)","B0F9LFF9WD","B0F9LFF9WD","Finocam","Papierproducten","22903000","7","0","0.00","0.00","0","0","0.00","0","0","0"
"Finocam - Planner 2026 Vertical Week to View | January - December 12 months | A5 Planner with elastic band and knitted tape | Softcover Capri - Happy - International, Weekweergave Verticaal","B0F9LFFG99","B0F9LFFG99","Finocam","Papierproducten","22903000","1","0","0.00","0.00","0","0","0.00","0","0","0"
"Finocam - Spiral Planner 2026 1 Day to View | January - December 12 months | Annual Planner 2026 with elastic band | Double Spiral Hardcover You - Wheat - International, Medium - E10-155x212 mm","B0F9LFGYPR","B0F9LFGYPR","Finocam","Papierproducten","22903000","7","0","0.00","0.00","0","0","0.00","0","0","0"
"Finocam - Spiral Planner 2026 1 Day to View | January - December 12 months | Annual Planner 2026 with elastic band | Double Spiral Hardcover You - Cotton - International, Medium - E10-155x212 mm","B0F9LFH6JW","B0F9LFH6JW","Finocam","Papierproducten","22903000","6","0","0.00","0.00","0","0","0.00","0","0","0"
"Finocam - Planner 2026 1 Day to View | January - December 12 months | B5 Annual Planner 2026 with elastic band | Hardcover Double Spiral Optimal - Emma - International, Dagboek, B5-176x250 mm","B0F9LFR2FK","B0F9LFR2FK","Finocam","Papierproducten","22903000","10","0","0.00","0.00","0","0","0.00","0","0","0"
"Finocam - Wall Calendar 2026 30x30 cm Month to View January - December 2026 + Sep.- Dec. 2025 (4 months) reduced | Calendar 2026 | Images Madrid - International","B0F9LFX1YW","B0F9LFX1YW","Finocam","Papierproducten","22903000","3","1","0.00","0.00","0","0","0.00","0","0","0"
"Finocam - Planner 2026 1 Day to View | January - December 12 months | A5 Planner with elastic band and knitted tape | Softcover Capri - Black - International, Dagboek (volledige zaterdag/zondag)","B0F9LG81FB","B0F9LG81FB","Finocam","Papierproducten","22903000","7","0","0.00","0.00","0","0","0.00","0","0","0"
"Finocam - Desktop Calendar 2026 Month to View January - December 2026 + Sep.-Dec. 2025 (4 months) reduced | Calendar 2026 | Images Nature - International","B0F9LGMHYG","B0F9LGMHYG","Finocam","Papierproducten","22903000","7","0","0.00","0.00","0","0","0.00","0","0","0"
"Finocam - Planner 2026 1 Day to View | January - December 12 months | Annual Planner 2026 with elastic band and knitted tape | Hardcover Porto Design - Botanic - International, Dagboek","B0F9LGP9P8","B0F9LGP9P8","Finocam","Papierproducten","22903000","34","0","0.00","0.00","0","0","0.00","0","0","0"
"Finocam - Spiral Planner 2026 Vertical Week to View | January - December 12 months | Annual Planner 2026 with elastic band | Double Spiral Hardcover Spiral Alma - Coral - International","B0F9LGZJR2","B0F9LGZJR2","Finocam","Papierproducten","22903000","8","0","0.00","0.00","0","0","0.00","0","0","0"
"Finocam - Planner 2026 Vertical Week to View | January - December 12 months | Annual Planner 2026 with elastic band and knitted tape | Softcover Mara - Red - International, Weekweergave Verticaal","B0F9LH12S8","B0F9LH12S8","Finocam","Papierproducten","22903000","1","0","0.00","0.00","0","0","0.00","0","0","0"
"Finocam Ikon Weekly Planner 16-Month | Weekly View Vertical Layout · September 2026 to December 2027 | Black · International - Week-to-view diary","B0GJSPSHJ7","B0GJSPSHJ7","Finocam","Agenda","22903000","5","0","0.00","0.00","0","0","0.00","0","0","0"
"Finocam Ikon Daily Planner 16-Month | 1 Day per Page · September 2026 to December 2027 | Burgundy · International - Day-to-page diary","B0GJSRYFXP","B0GJSRYFXP","Finocam","Agenda","22903000","9","0","0.00","0.00","0","0","0.00","0","0","0"
"Finocam Ikon Daily Planner 16-Month | 1 Day per Page · September 2026 to December 2027 | Black · International - Day-to-page diary","B0GJSS4V36","B0GJSS4V36","Finocam","Agenda","22903000","11","0","0.00","0.00","0","0","0.00","0","0","0"
"Finocam Mara Daily Planner 18-Month | 1 Day per Page · July 2026 to December 2027 | Pretty · International - Day-to-page diary","B0GJSSNL18","B0GJSSNL18","Finocam","Agenda","22903000","28","0","0.00","0.00","0","0","0.00","0","0","0"
"Finocam Espiral Weekly Planner 18-Month | Weekly View Horizontal Layout · July 2026 to December 2027 | Girl · International - Week-to-view diary","B0GJST9G3G","B0GJST9G3G","Finocam","Agenda","22903000","8","0","0.00","0.00","0","0","0.00","0","0","0"
"Finocam Haiku Undated Monthly Planner | Monthly View | Black · International - Planner","B0GJSTMQJV","B0GJSTMQJV","Finocam","Agenda","22903000","7","0","0.00","0.00","0","0","0.00","0","0","0"
"Finocam Capri Weekly Planner 16-Month | Weekly View Horizontal Layout · September 2026 to December 2027 | Power · International - Week-to-view diary","B0GJSTVNYG","B0GJSTVNYG","Finocam","Agenda","22903000","11","0","0.00","0.00","0","0","0.00","0","0","0"
"Finocam Dotted Weekly Planner 16-Month | Weekly View Horizontal Layout · September 2026 to December 2027 | Gala · International - Week-to-view diary","B0GJSTYCBJ","B0GJSTYCBJ","Finocam","Agenda","22903000","11","0","0.00","0.00","0","0","0.00","0","0","0"
"Finocam Dotted Weekly Planner 16-Month | Weekly View Horizontal Layout · September 2026 to December 2027 | Black · International - Week-to-view diary","B0GJSV82XJ","B0GJSV82XJ","Finocam","Agenda","22903000","9","0","0.00","0.00","0","0","0.00","0","0","0"
"Finocam Mara Weekly Planner 18-Month | Weekly View Vertical Layout · July 2026 to December 2027 | Daisy · International - Week-to-view diary","B0GJSVYR6D","B0GJSVYR6D","Finocam","Agenda","22903000","14","0","0.00","0.00","0","0","0.00","0","0","0"
"Finocam Espiral Weekly Planner 18-Month | Weekly View Horizontal Layout · July 2026 to December 2027 | Black · International - Week-to-view diary","B0GJSWFNVF","B0GJSWFNVF","Finocam","Agenda","22903000","10","0","0.00","0.00","0","0","0.00","0","0","0"
"Finocam Capri Weekly Planner 16-Month | Weekly View Horizontal Layout · September 2026 to December 2027 | Black · International - Week-to-view diary","B0GJSWKQDQ","B0GJSWKQDQ","Finocam","Agenda","22903000","7","0","0.00","0.00","0","0","0.00","0","0","0"
"Finocam Espiral Weekly Planner 18-Month | Weekly View Horizontal Layout · July 2026 to December 2027 | Pretty · International - Week-to-view diary","B0GJSX425K","B0GJSX425K","Finocam","Agenda","22903000","11","0","0.00","0.00","0","0","0.00","0","0","0"
"Finocam Event Guest Book | Brown","B0GJSX5C2F","B0GJSX5C2F","Finocam","22903202","22903000","0","0","0.00","0.00","0","0","0.00","0","0","0"
"Finocam Event Guest Book | Blue","B0GJSXBT2B","B0GJSXBT2B","Finocam","22903202","22903000","0","0","0.00","0.00","0","0","0.00","0","0","0"
"Finocam Mínimal Weekly Planner 18-Month | Weekly View Horizontal Layout · July 2026 to December 2027 | Blue · International - Week-to-view diary","B0GJSXGHPV","B0GJSXGHPV","Finocam","Agenda","22903000","6","0","0.00","0.00","0","0","0.00","0","0","0"
"Finocam Haiku Undated Weekly Planner | Weekly View Vertical Layout | Blue · International - Planner","B0GJSXHGWN","B0GJSXHGWN","Finocam","Agenda","22903000","8","0","0.00","0.00","0","0","0.00","0","0","0"
"Finocam Undated Planning Sticky Notes F01 | Monthly View - Personal organisation","B0GJSXHVPD","B0GJSXHVPD","Finocam","22903202","22903000","3","0","0.00","0.00","0","0","0.00","0","0","0"
"Finocam Mínimal Weekly Planner 18-Month | Weekly View Horizontal Layout · July 2026 to December 2027 | Girl · International - Week-to-view diary","B0GJSY5V4L","B0GJSY5V4L","Finocam","Agenda","22903000","10","0","0.00","0.00","0","0","0.00","0","0","0"
"Finocam Undated Daily Planner Sticky Notes F03 | 1 Day per Page - Personal organisation","B0GJSYKX9W","B0GJSYKX9W","Finocam","22903202","22903000","0","0","0.00","0.00","0","0","0.00","0","0","0"
"Finocam Jazz Guest Book | Cream","B0GJT12GDT","B0GJT12GDT","Finocam","22903202","22903000","0","0","0.00","0.00","0","0","0.00","0","0","0"
"Finocam Capri Weekly Planner 16-Month | Weekly View Horizontal Layout · September 2026 to December 2027 | Jungle · International - Week-to-view diary","B0GJT13HPB","B0GJT13HPB","Finocam","Agenda","22903000","10","0","0.00","0.00","0","0","0.00","0","0","0"
"Finocam Haiku Undated Weekly Planner | Weekly View Vertical Layout | Black · International - Planner","B0GJT13SGR","B0GJT13SGR","Finocam","Agenda","22903000","4","0","0.00","0.00","0","0","0.00","0","0","0"
"Finocam Undated Planner Sticky Notes F04 | 2-Month Calendar View - Personal organisation","B0GJT1B3C2","B0GJT1B3C2","Finocam","22903202","22903000","0","0","0.00","0.00","0","0","0.00","0","0","0"
"Finocam Haiku Undated Monthly Planner | Monthly View | Blue · International - Planner","B0GJT1BW7Z","B0GJT1BW7Z","Finocam","Agenda","22903000","4","0","0.00","0.00","0","0","0.00","0","0","0"
"Finocam Haiku Undated Monthly Planner | Monthly View | Green · International - Planner","B0GJT1DK7K","B0GJT1DK7K","Finocam","Agenda","22903000","9","0","0.00","0.00","0","0","0.00","0","0","0"
"Finocam Mínimal Weekly Planner 18-Month | Weekly View Horizontal Layout · July 2026 to December 2027 | Black · International - Week-to-view diary","B0GJT23KQK","B0GJT23KQK","Finocam","Agenda","22903000","9","0","0.00","0.00","0","0","0.00","0","0","0"
"Finocam Espiral Planner 18-Month | 2 Days per Page · July 2026 to December 2027 | Daisy · International - Day-to-page diary","B0GJT23N8Z","B0GJT23N8Z","Finocam","Agenda","22903000","8","0","0.00","0.00","0","0","0.00","0","0","0"
"Finocam Mínimal Weekly Planner 18-Month | Weekly View Horizontal Layout · July 2026 to December 2027 | Blue · International - Week-to-view diary","B0GJT25LQ1","B0GJT25LQ1","Finocam","Agenda","22903000","8","0","0.00","0.00","0","0","0.00","0","0","0"
"Finocam Dotted Weekly Planner 16-Month | Weekly View Horizontal Layout · September 2026 to December 2027 | Bloom · International - Week-to-view diary","B0GJT2872V","B0GJT2872V","Finocam","Agenda","22903000","9","0","0.00","0.00","0","0","0.00","0","0","0"
"Finocam Mara Daily Planner 18-Month | 1 Day per Page · July 2026 to December 2027 | Daisy · International - Day-to-page diary","B0GJT2N36W","B0GJT2N36W","Finocam","Agenda","22903000","35","0","0.00","0.00","0","0","0.00","0","0","0"
"Finocam Ikon Weekly Planner 16-Month | Weekly View Vertical Layout · September 2026 to December 2027 | Black · International - Week-to-view diary","B0GJT2R199","B0GJT2R199","Finocam","Agenda","22903000","8","0","0.00","0.00","0","0","0.00","0","0","0"
"Finocam Espiral Planner 18-Month | 2 Days per Page · July 2026 to December 2027 | Black · International - Day-to-page diary","B0GJT2SJZK","B0GJT2SJZK","Finocam","Agenda","22903000","9","0","0.00","0.00","0","0","0.00","0","0","0"
"Finocam Haiku Undated Weekly Planner | Weekly View Vertical Layout | Green · International - Planner","B0GJT2SKB5","B0GJT2SKB5","Finocam","Agenda","22903000","5","0","0.00","0.00","0","0","0.00","0","0","0"
"Finocam Moniquilla Notebook Hard Cover | Plain | Blue","B0GJT2Y9T1","B0GJT2Y9T1","Finocam","22903202","22903000","0","0","0.00","0.00","0","0","0.00","0","0","0"
"Finocam Espiral Weekly Planner 18-Month | Weekly View Horizontal Layout · July 2026 to December 2027 | Blue · International - Week-to-view diary","B0GJT3XJSG","B0GJT3XJSG","Finocam","Agenda","22903000","19","0","0.00","0.00","0","0","0.00","0","0","0"
"Finocam Ikon Daily Planner 16-Month | 1 Day per Page · September 2026 to December 2027 | Black · International - Day-to-page diary","B0GJT437XZ","B0GJT437XZ","Finocam","Agenda","22903000","11","0","0.00","0.00","0","0","0.00","0","0","0"
"Finocam Bari Undated Weekly Planner | Weekly View Horizontal Layout · International","B0GJT4C7DJ","B0GJT4C7DJ","Finocam","Agenda","22903000","1","0","0.00","0.00","0","0","0.00","0","0","0"
"Finocam Mínimal Weekly Planner 18-Month | Weekly View Horizontal Layout · July 2026 to December 2027 | Girl · International - Week-to-view diary","B0GJT4J9FN","B0GJT4J9FN","Finocam","Agenda","22903000","17","0","0.00","0.00","0","0","0.00","0","0","0"
"Finocam Mínimal Weekly Planner 18-Month | Weekly View Horizontal Layout · July 2026 to December 2027 | Daisy · International - Week-to-view diary","B0GJT5BXLY","B0GJT5BXLY","Finocam","Agenda","22903000","8","0","0.00","0.00","0","0","0.00","0","0","0"
"Finocam Sticky Notes Set F08 | Pro - Personal organisation","B0GJT5WC7Q","B0GJT5WC7Q","Finocam","Zelfklevende notitieblaadjes","22903000","3","0","0.00","0.00","0","0","0.00","0","0","0"
"Finocam Mara Weekly Planner 18-Month | Weekly View Vertical Layout · July 2026 to December 2027 | Girl · International - Week-to-view diary","B0GJT5X8Y8","B0GJT5X8Y8","Finocam","Agenda","22903000","11","0","0.00","0.00","0","0","0.00","0","0","0"
"Finocam Moniquilla Notebook Hard Cover | Plain | Red","B0GJT6GJTW","B0GJT6GJTW","Finocam","22903202","22903000","0","0","0.00","0.00","0","0","0.00","0","0","0"
"Finocam Haiku Undated Monthly Planner | Monthly View | Blue · International - Planner","B0GJT6GKHR","B0GJT6GKHR","Finocam","Agenda","22903000","7","0","0.00","0.00","0","0","0.00","0","0","0"
"Finocam Jazz Guest Book | Grey","B0GJT6S2N2","B0GJT6S2N2","Finocam","22903202","22903000","0","0","0.00","0.00","0","0","0.00","0","0","0"
"Finocam Mínimal Weekly Planner 18-Month | Weekly View Horizontal Layout · July 2026 to December 2027 | Pretty · International - Week-to-view diary","B0GJT6TSSN","B0GJT6TSSN","Finocam","Agenda","22903000","6","0","0.00","0.00","0","0","0.00","0","0","0"
"Finocam Undated Weekly Planner Sticky Notes F02 | Weekly View Horizontal Layout - Personal organisation","B0GJT6ZRN6","B0GJT6ZRN6","Finocam","22903202","22903000","0","0","0.00","0.00","0","0","0.00","0","0","0"
"Finocam Bari Undated Weekly Planner | Weekly View Vertical Layout · International","B0GJT72RNL","B0GJT72RNL","Finocam","Agenda","22903000","3","0","0.00","0.00","0","0","0.00","0","0","0"
"Finocam Mínimal Weekly Planner 18-Month | Weekly View Horizontal Layout · July 2026 to December 2027 | Daisy · International - Week-to-view diary","B0GJT7CD83","B0GJT7CD83","Finocam","Agenda","22903000","17","0","0.00","0.00","0","0","0.00","0","0","0"
"Finocam Ikon Weekly Planner 16-Month | Weekly View Vertical Layout · September 2026 to December 2027 | Burgundy · International - Week-to-view diary","B0GJT88P6D","B0GJT88P6D","Finocam","Agenda","22903000","8","0","0.00","0.00","0","0","0.00","0","0","0"
"Finocam International Wall Calendar 2027 | Nature Images - Monthly calendar - Planning and Organisation","B0GYNRKJQR","B0GYNRKJQR","Finocam","Agenda","22903000","1","0","0.00","0.00","0","0","0.00","0","0","0"
"Finocam International Wall Calendar 2027 | Charming Images - Monthly calendar - Planning and Organisation","B0GYNTQ64T","B0GYNTQ64T","Finocam","Agenda","22903000","1","0","0.00","0.00","0","0","0.00","0","0","0"
"Finocam International Desk Calendar 2027 | Venice Images - Monthly calendar - Planning and Organisation","B0GYNV8ZQM","B0GYNV8ZQM","Finocam","Agenda","22903000","0","0","0.00","0.00","0","0","0.00","0","0","0"
