"title","asin","vpi","brand","categoryLabel","parentCategory","glanceViews","priorGlanceViews","buyBoxPercentage","priorBuyBoxPercentage","orderedRevenue","priorOrderedRevenue","orderedUnits","priorOrderedUnits","avgPrice","unitsPerGlanceViews","conversionRate","priorConversionRate"
"Finocam Mara Agenda Semainier 18 mois 2026 2027| Girl","B0GJT5X8Y8","B0GJT5X8Y8","Finocam","Calendriers, agendas & organiseurs - Fournitures de bureau","Fournitures de bureau","606","0","99.5","0","233.29","0.00","16","0","14.58","0","2.6","0"
"Finocam Espiral Agenda Semainier 18 mois 2026 2027 | Daisy","B0GJT24P8W","B0GJT24P8W","Finocam","Calendriers, agendas & organiseurs - Fournitures de bureau","Fournitures de bureau","1091","0","99.5","0","140.01","0.00","12","0","11.67","0","1.1","0"
"Finocam Mara Agenda Semainier 18 mois 2026 2027 | Pretty","B0GJTBHR9G","B0GJTBHR9G","Finocam","Calendriers, agendas & organiseurs - Fournitures de bureau","Fournitures de bureau","178","0","100","0","131.23","0.00","9","0","14.58","0","5.1","0"
"Finocam Capri Agenda Semainier 16 mois 2026 2027 | Happy","B0GJT1MPDL","B0GJT1MPDL","Finocam","Calendriers, agendas & organiseurs - Fournitures de bureau","Fournitures de bureau","470","0","99.8","0","125.00","0.00","10","0","12.50","0","2.1","0"
"Finocam Espiral Agenda Semainier 18 mois 2026 2027 | Girl","B0GJST9G3G","B0GJST9G3G","Finocam","Calendriers, agendas & organiseurs - Fournitures de bureau","Fournitures de bureau","377","0","99.7","0","116.70","0.00","10","0","11.67","0","2.7","0"
"Finocam Espiral Agenda Semainier 18 mois 2026 2027 | Pretty","B0GJSX425K","B0GJSX425K","Finocam","Calendriers, agendas & organiseurs - Fournitures de bureau","Fournitures de bureau","249","0","100","0","116.68","0.00","10","0","11.67","0","4","0"
"Finocam Dotted Agenda Semainier 16 mois 2026 2027 | Gala","B0GJSTYCBJ","B0GJSTYCBJ","Finocam","Calendriers, agendas & organiseurs - Fournitures de bureau","Fournitures de bureau","334","0","99.1","0","116.28","0.00","9","0","12.92","0","2.7","0"
"Finocam Calendrier Magnétique Frigo 16 mois 2026 2027 · Langue: Français","B0GMX2C7YD","B0GMX2C7YD","Finocam","Calendriers, agendas & organiseurs - Fournitures de bureau","Fournitures de bureau","397","0","100","0","106.72","0.00","16","0","6.67","0","4","0"
"Finocam Espiral Agenda 18 mois 2026 2027 | 2 Jours par Page| Pretty","B0GJT3X9FM","B0GJT3X9FM","Finocam","Calendriers, agendas & organiseurs - Fournitures de bureau","Fournitures de bureau","189","0","99.4","0","100.02","0.00","6","0","16.67","0","3.2","0"
"Finocam Mínimal Agenda Semainier 18 mois 2026 2027 | Daisy","B0GJT7CD83","B0GJT7CD83","Finocam","Calendriers, agendas & organiseurs - Fournitures de bureau","Fournitures de bureau","222","0","99.5","0","99.19","0.00","7","0","14.17","0","3.2","0"
"Finocam Calendrier Mural 2027 | Photos Paysages paradisiaques · Français","B0H394X3XF","B0H394X3XF","Finocam","Calendriers, agendas & organiseurs - Fournitures de bureau","Fournitures de bureau","132","0","100","0","98.30","0.00","10","0","9.83","0","7.6","0"
"Finocam Ikon Agenda Semainier 16 mois 2026 2027 | Noir","B0GJSPSHJ7","B0GJSPSHJ7","Finocam","Calendriers, agendas & organiseurs - Fournitures de bureau","Fournitures de bureau","202","0","98.2","0","84.57","0.00","7","0","12.08","0","3.5","0"
"Finocam Mara Agenda Journalier 18 mois 2026 2027 | Daisy","B0GJT2N36W","B0GJT2N36W","Finocam","Calendriers, agendas & organiseurs - Fournitures de bureau","Fournitures de bureau","256","0","100","0","80.00","0.00","4","0","20.00","0","1.6","0"
"Finocam Ikon Agenda Journalier 16 mois 2026 2027 | Noir","B0GJSS4V36","B0GJSS4V36","Finocam","Calendriers, agendas & organiseurs - Fournitures de bureau","Fournitures de bureau","119","0","96.3","0","73.32","0.00","4","0","18.33","0","3.4","0"
"Finocam Mara Agenda Semainier 18 mois 2026 2027 | Daisy","B0GJSVYR6D","B0GJSVYR6D","Finocam","Calendriers, agendas & organiseurs - Fournitures de bureau","Fournitures de bureau","60","0","100","0","72.90","0.00","5","0","14.58","0","8.3","0"
"Finocam Espiral Agenda 18 mois 2026 2027 | 2 Jours par Page| Daisy","B0GJT23N8Z","B0GJT23N8Z","Finocam","Calendriers, agendas & organiseurs - Fournitures de bureau","Fournitures de bureau","183","0","99.4","0","66.68","0.00","4","0","16.67","0","2.2","0"
"Finocam Event Livre d’or | Marron","B0GJSX5C2F","B0GJSX5C2F","Finocam","22903203","Papier, enveloppes et fournitures d'expédition","36","0","100","0","63.34","0.00","2","0","31.67","0","5.6","0"
"Finocam Mínimal Agenda Semainier 18 mois 2026 2027 | Pretty","B0GJT8HNSX","B0GJT8HNSX","Finocam","Calendriers, agendas & organiseurs - Fournitures de bureau","Fournitures de bureau","70","0","98.5","0","56.68","0.00","4","0","14.17","0","5.7","0"
"Finocam Jazz Livre d’or | Crème","B0GJT12GDT","B0GJT12GDT","Finocam","22903203","Papier, enveloppes et fournitures d'expédition","50","0","95.6","0","55.00","0.00","2","0","27.50","0","4","0"
"Finocam Ikon Agenda Journalier 16 mois 2026 2027 | Bordeaux","B0GJSRYFXP","B0GJSRYFXP","Finocam","Calendriers, agendas & organiseurs - Fournitures de bureau","Fournitures de bureau","40","0","96.8","0","54.99","0.00","3","0","18.33","0","7.5","0"
"Finocam Capri Agenda Semainier 16 mois 2026 2027 | Power","B0GJSTVNYG","B0GJSTVNYG","Finocam","Calendriers, agendas & organiseurs - Fournitures de bureau","Fournitures de bureau","110","0","100","0","50.00","0.00","4","0","12.50","0","3.6","0"
"Finocam Calendrier Mural 2027 | Photos Chiens et chats · Langue: Français","B0H396FPG4","B0H396FPG4","Finocam","Calendriers, agendas & organiseurs - Fournitures de bureau","Fournitures de bureau","65","0","100","0","49.15","0.00","5","0","9.83","0","7.7","0"
"Finocam Calendrier Mural 2027 | Neutre · Langue: Français","B0H39BWXX5","B0H39BWXX5","Finocam","Calendriers, agendas & organiseurs - Fournitures de bureau","Fournitures de bureau","54","0","100","0","42.64","0.00","8","0","5.33","0","14.8","0"
"Finocam Mara Agenda Journalier 18 mois 2026 2027| Pretty","B0GJSSNL18","B0GJSSNL18","Finocam","Calendriers, agendas & organiseurs - Fournitures de bureau","Fournitures de bureau","81","0","100","0","40.00","0.00","2","0","20.00","0","2.5","0"
"Finocam Calendrier Mural 2027 | Photos Nature · Langue: Français","B0H38ZL8PK","B0H38ZL8PK","Finocam","Calendriers, agendas & organiseurs - Fournitures de bureau","Fournitures de bureau","92","0","100","0","39.33","0.00","4","0","9.83","0","4.3","0"
"Finocam Calendrier Mural 2027 | Photos Couchers de soleil · Français","B0H38ZZ7DY","B0H38ZZ7DY","Finocam","Calendriers, agendas & organiseurs - Fournitures de bureau","Fournitures de bureau","39","0","100","0","39.32","0.00","4","0","9.83","0","10.3","0"
"Finocam Dotted Agenda Semainier 16 mois 2026 2027 | Bloom","B0GJT2872V","B0GJT2872V","Finocam","Calendriers, agendas & organiseurs - Fournitures de bureau","Fournitures de bureau","131","0","99.2","0","38.76","0.00","3","0","12.92","0","2.3","0"
"Finocam Ikon Agenda Semainier 16 mois 2026 2027 | Bordeaux","B0GJT88P6D","B0GJT88P6D","Finocam","Calendriers, agendas & organiseurs - Fournitures de bureau","Fournitures de bureau","53","0","100","0","36.24","0.00","3","0","12.08","0","5.7","0"
"Finocam Mínimal Agenda 18 meses 2026 2027 Semanal · Girl · Internacional","B0GJSY5V4L","B0GJSY5V4L","Finocam","Calendriers, agendas & organiseurs - Fournitures de bureau","Fournitures de bureau","49","0","100","0","33.34","0.00","2","0","16.67","0","4.1","0"
"Finocam Mínimal Agenda Semainier 18 mois 2026 2027 | Daisy","B0GJT5BXLY","B0GJT5BXLY","Finocam","Calendriers, agendas & organiseurs - Fournitures de bureau","Fournitures de bureau","113","0","99.1","0","33.34","0.00","2","0","16.67","0","1.8","0"
"Finocam Event Livre d’or | Bleu","B0GJSXBT2B","B0GJSXBT2B","Finocam","22903203","Papier, enveloppes et fournitures d'expédition","6","0","80","0","31.67","0.00","1","0","31.67","0","16.7","0"
"Finocam Calendrier Mural 2027 | Neutre · Langue: Français","B0H3942Q8C","B0H3942Q8C","Finocam","Calendriers, agendas & organiseurs - Fournitures de bureau","Fournitures de bureau","34","0","100","0","30.32","0.00","4","0","7.58","0","11.8","0"
"Finocam – Calendrier de bureau pour noter 2026 1 Mois par page Janvier – Décembre 2026 (12 mois) | Calendrier 2026 | Planificateur mensuel Neutre – Français","B0FG397PVK","B0FG397PVK","Finocam","Calendriers, agendas & organiseurs - Organisateurs de bureau","Organisateurs de bureau","157","32","100","0","25.00","20.00","5","4","5.00","0","3.2","12.5"
"Finocam - Agenda non daté Mytime Semaine sur 2 pages Présentation verticale International","B0BS49SS5T","B0BS49SS5T","Finocam","Calendriers, agendas & organiseurs - Fournitures de bureau","Fournitures de bureau","166","167","98.7","0","24.99","24.99","3","3","8.33","0","1.8","1.8"
"Finocam Ikon Agenda 16 meses 2026 2027 Semanal· Negro · Internacional","B0GJT2R199","B0GJT2R199","Finocam","Calendriers, agendas & organiseurs - Fournitures de bureau","Fournitures de bureau","36","0","96.8","0","22.50","0.00","1","0","22.50","0","2.8","0"
"Finocam Calendrier de Bureau 2027 | Neutre · Langue: Français","B0H394GTM5","B0H394GTM5","Finocam","Calendriers, agendas & organiseurs - Fournitures de bureau","Fournitures de bureau","61","0","100","0","20.68","0.00","4","0","5.17","0","6.6","0"
"Finocam Mara Agenda Journalier 18 mois 2026 2027 | Noir","B0GJT3MCGM","B0GJT3MCGM","Finocam","Calendriers, agendas & organiseurs - Fournitures de bureau","Fournitures de bureau","59","0","98.2","0","20.00","0.00","1","0","20.00","0","1.7","0"
"Finocam – Agenda Spirale 2026 Semaine sur 2 pages Présentation horizontale | Janvier – Décembre | Agenda annuel 2026 | Couverture polypropylène Spirale Design Collection – Maintenant – Français","B0FG367YJ8","B0FG367YJ8","Finocam","Calendriers, agendas & organiseurs - Organisateurs de bureau","Organisateurs de bureau","17","1","100","0","18.34","9.17","2","1","9.17","0","11.8","100"
"Finocam – Agenda Spirale 2026 Semaine sur 2 pages Présentation horizontale | Janvier – Décembre | Agenda annuel 2026 | Couverture polypropylène Spirale Design Collection – Maintenant – Français","B0FG3CTNJ9","B0FG3CTNJ9","Finocam","Calendriers, agendas & organiseurs - Organisateurs de bureau","Organisateurs de bureau","30","1","100","0","17.20","0.00","2","0","8.60","0","6.7","0"
"Finocam Mínimal Agenda Semainier 18 mois 2026 2027 | Pretty","B0GJT6TSSN","B0GJT6TSSN","Finocam","Calendriers, agendas & organiseurs - Fournitures de bureau","Fournitures de bureau","26","0","100","0","16.67","0.00","1","0","16.67","0","3.8","0"
"Finocam – Agenda Spirale 2026 1 Jour par page | Janvier – Décembre (12 mois) | Agenda annuel 2026 avec élastique | Couverture polypropylène Spirale Design Collection – Impossible – Français","B0FG36NYB7","B0FG36NYB7","Finocam","Calendriers, agendas & organiseurs - Organisateurs de bureau","Organisateurs de bureau","42","1","94.7","0","16.25","0.00","1","0","16.25","0","2.4","0"
"Finocam Mara Agenda Semainier 18 mois 2026 2027| Bleu","B0GJSYLDLW","B0GJSYLDLW","Finocam","Calendriers, agendas & organiseurs - Fournitures de bureau","Fournitures de bureau","49","0","97.7","0","14.58","0.00","1","0","14.58","0","2","0"
"Finocam Calendrier Mural 2027 | Neutre · Langue: Français","B0H391RK2N","B0H391RK2N","Finocam","Calendriers, agendas & organiseurs - Fournitures de bureau","Fournitures de bureau","18","0","100","0","14.50","0.00","2","0","7.25","0","11.1","0"
"Finocam Mínimal Agenda 18 meses 2026 2027 Semanal · Girl · Internacional","B0GJT4J9FN","B0GJT4J9FN","Finocam","Calendriers, agendas & organiseurs - Fournitures de bureau","Fournitures de bureau","93","0","100","0","14.17","0.00","1","0","14.17","0","1.1","0"
"Finocam Calendrier Magnétique Réfrigérateur 2027 | Neutre · Français","B0H38ZKB4V","B0H38ZKB4V","Finocam","Calendriers, agendas & organiseurs - Fournitures de bureau","Fournitures de bureau","40","0","100","0","13.66","0.00","2","0","6.83","0","5","0"
"Finocam – Calendrier mural 2026 1 Mois par page Janvier – Décembre 2026 (12 mois) | Calendrier 2026 pour noter | Planificateur mensuel Neutre – Français","B0FG37TQ7P","B0FG37TQ7P","Finocam","Calendriers, agendas & organiseurs - Organisateurs de bureau","Organisateurs de bureau","82","4","100","0","13.00","0.00","2","0","6.50","0","2.4","0"
"Finocam Moniquilla Carnet Couverture Rigide | Rouge - Cahier","B0GJSYG9MP","B0GJSYG9MP","Finocam","Calendriers, agendas & organiseurs - Fournitures de bureau","Fournitures de bureau","11","0","100","0","12.83","0.00","1","0","12.83","0","9.1","0"
"Finocam – Agenda non daté Mytime 1 jour par page International","B0BS4996B7","B0BS4996B7","Finocam","Calendriers, agendas & organiseurs - Fournitures de bureau","Fournitures de bureau","73","65","98.6","0","12.50","12.50","1","1","12.50","0","1.4","1.5"
"Finocam Capri Agenda Semainier 16 mois 2026 2027 | Noir","B0GJSWKQDQ","B0GJSWKQDQ","Finocam","Calendriers, agendas & organiseurs - Fournitures de bureau","Fournitures de bureau","42","0","97.1","0","12.50","0.00","1","0","12.50","0","2.4","0"
"Finocam Capri Agenda Semainier 16 mois 2026 2027 | Jungle","B0GJT13HPB","B0GJT13HPB","Finocam","Calendriers, agendas & organiseurs - Fournitures de bureau","Fournitures de bureau","187","0","100","0","12.50","0.00","1","0","12.50","0","0.5","0"
"Finocam Calendrier Mural 2027 | Art Sarah Meyer–Delius · Langue: Français","B0H395Y35K","B0H395Y35K","Finocam","Calendriers, agendas & organiseurs - Fournitures de bureau","Fournitures de bureau","4","0","100","0","10.42","0.00","1","0","10.42","0","25","0"
"Finocam – Agenda Spirale Design Collection 2025 Semaine sur 1 page Présentation horizontale Janvier 2025 – Décembre 2025 (12 mois) Impossible Français","B0D7Q8S53W","B0D7Q8S53W","Finocam","Calendriers, agendas & organiseurs - Fournitures de bureau","Fournitures de bureau","7","50","100","0","10.22","6.64","2","1","5.11","0","28.6","2"
"Finocam Calendrier Mural International 2027 | Photos Nature","B0GYNRKJQR","B0GYNRKJQR","Finocam","Calendriers, agendas & organiseurs - Fournitures de bureau","Fournitures de bureau","15","0","100","0","9.33","0.00","1","0","9.33","0","6.7","0"
"Finocam Calendrier Mural International 2027 | Photos Cats","B0GYNW9YT9","B0GYNW9YT9","Finocam","Calendriers, agendas & organiseurs - Fournitures de bureau","Fournitures de bureau","19","0","100","0","9.33","0.00","1","0","9.33","0","5.3","0"
"Finocam Moniquilla Carnet Couverture Rigide | Bleu - Cahier","B0GJT2Y9T1","B0GJT2Y9T1","Finocam","Calendriers, agendas & organiseurs - Fournitures de bureau","Fournitures de bureau","7","0","100","0","9.17","0.00","1","0","9.17","0","14.3","0"
"Finocam – Agenda Spirale 2026 Semaine sur 2 pages Présentation horizontale | Janvier – Décembre | Agenda annuel 2026 | Couverture polypropylène Spirale Design Collection – Impossible – Français","B0FG3BQSM7","B0FG3BQSM7","Finocam","Calendriers, agendas & organiseurs - Organisateurs de bureau","Organisateurs de bureau","13","1","100","0","8.85","0.00","1","0","8.85","0","7.7","0"
"Finocam – Calendrier de bureau 2026 1 Mois par page Janvier – Décembre 2026 (12 mois) | Calendrier 2026 pour noter | Planificateur mensuel Design – Français","B0FG35RLNR","B0FG35RLNR","Finocam","Calendriers, agendas & organiseurs - Organisateurs de bureau","Organisateurs de bureau","67","54","100","0","8.33","49.98","1","6","8.33","0","1.5","11.1"
"Finocam Calendrier de Bureau 2027 | Design · Langue: Français","B0H397GZCN","B0H397GZCN","Finocam","Calendriers, agendas & organiseurs - Fournitures de bureau","Fournitures de bureau","40","0","100","0","8.33","0.00","1","0","8.33","0","2.5","0"
"Finocam Calendrier Mural 2027 | Design · Langue: Français","B0H39C9QBQ","B0H39C9QBQ","Finocam","Calendriers, agendas & organiseurs - Fournitures de bureau","Fournitures de bureau","24","0","100","0","7.08","0.00","1","0","7.08","0","4.2","0"
"Finocam Calendrier de Bureau International 2027 | Photos Charming","B0GYNL52LG","B0GYNL52LG","Finocam","Calendriers, agendas & organiseurs - Fournitures de bureau","Fournitures de bureau","18","0","100","0","6.42","0.00","1","0","6.42","0","5.6","0"
"Finocam Calendrier de Bureau International 2027 | Photos Traveling","B0GYNZ4RW6","B0GYNZ4RW6","Finocam","Calendriers, agendas & organiseurs - Fournitures de bureau","Fournitures de bureau","5","0","100","0","6.42","0.00","1","0","6.42","0","20","0"
"Finocam – Calendrier magnétique 2026 1 Mois par page Janvier – Décembre 2026 (12 mois) | Calendrier 2026 pour noter | Planificateur mensuel Neutre – Français","B0FG3877BB","B0FG3877BB","Finocam","Calendriers, agendas & organiseurs - Organisateurs de bureau","Organisateurs de bureau","136","103","100","0","6.20","26.68","1","4","6.20","0","0.7","3.9"
"Finocam Calendrier Mural 2027 | Neutre · Langue: Français","B0H38YTBHP","B0H38YTBHP","Finocam","Calendriers, agendas & organiseurs - Fournitures de bureau","Fournitures de bureau","6","0","100","0","4.67","0.00","1","0","4.67","0","16.7","0"
"Finocam – Calendrier mural Gros Chiffres 2026 1 Mois par page Janvier – Décembre 2026 (12 mois) | Calendrier 2026 | Planificateur mensuel Neutre – Français","B0FG3877B3","B0FG3877B3","Finocam","Calendriers, agendas & organiseurs - Organisateurs de bureau","Organisateurs de bureau","63","7","100","0","4.58","4.58","1","1","4.58","0","1.6","14.3"
"Finocam – Porte-documents A4 FOCUS – Noir | Polyuréthane de haute qualité | Portfolio fermeture zippée – Passant pour stylo et compartiment pour tablette| Avec bloc-notes","B085QVMWJW","B085QVMWJW","Finocam","22903164","Fournitures de bureau","2","4","100","0","0.00","0.00","0","0","0.00","0","0","0"
"Finocam - Agenda 2022 Semainier horizontal, de Janvier 2022 à Décembre 2022 (12 mois) E5-117x181 mm Spirale Design Collection Goldy International","B096S6ZCJB","B096S6ZCJB","Finocam","Calendriers, agendas & organiseurs - Fournitures de bureau","Fournitures de bureau","0","5","0","0","0.00","0.00","0","0","0.00","0","0","0"
"Finocam - Agenda 2022 Journalier, de Janvier 2022 à Décembre 2022 (12 mois) E10-155x212 mm Spirale Design Collection Moon International","B096S82Q5S","B096S82Q5S","Finocam","Calendriers, agendas & organiseurs - Fournitures de bureau","Fournitures de bureau","0","0","0","0","0.00","0.00","0","0","0.00","0","0","0"
"Finocam – Agenda 2022-2023 Mara 18 mois Semaine sur 2 pages Présentation verticale Juillet 2022 – Décembre 2023 (18 mois) Girl International DIN A5 (Y10-140 x 204 mm)","B09QWW6XD7","B09QWW6XD7","Finocam","Agendas et organisateurs personnels","Organisateurs de bureau","0","0","0","0","0.00","0.00","0","0","0.00","0","0","0"
"Finocam – Agenda 2022-2023 Labor 16 mois 1 semaine sur 2 pages Présentation verticale Septembre 2022 – Décembre 2023 (16 mois) Noir International","B09QWYLJDV","B09QWYLJDV","Finocam","Agendas et organisateurs personnels","Organisateurs de bureau","0","0","0","0","0.00","0.00","0","0","0.00","0","0","0"
"Finocam – Agenda 2022-2023 Spirale 18 mois Semaine sur 2 pages Présentation horizontale Juillet 2022 – Décembre 2023 (18 mois) Noir International","B09QXBBXNF","B09QXBBXNF","Finocam","Agendas et organisateurs personnels","Organisateurs de bureau","0","1","0","0","0.00","0.00","0","0","0.00","0","0","0"
"Finocam – Agenda 2022-2023 Mara 18 mois 1 jour par page Juillet 2022 – Décembre 2023 (18 mois) Girl International PETIT (Y4-120 x 170 mm)","B09R1T8NMM","B09R1T8NMM","Finocam","Agendas et organisateurs personnels","Organisateurs de bureau","0","0","0","0","0.00","0.00","0","0","0.00","0","0","0"
"Finocam – Agenda Espiral 18 mois 2024-2025 2 jours par page Juillet 2024-Décembre 2025 (18 mois) Daisy International","B0CTMSK4TH","B0CTMSK4TH","Finocam","Calendriers, agendas & organiseurs - Fournitures de bureau","Fournitures de bureau","1","2","100","0","0.00","0.00","0","0","0.00","0","0","0"
"Finocam – Agenda Minimal 18 mois 2024-2025 Semaine sur 2 pages Présentation horizontale Juillet 2024-Décembre 2025 (18 mois) Daisy International","B0CTMTCBM9","B0CTMTCBM9","Finocam","Calendriers, agendas & organiseurs - Fournitures de bureau","Fournitures de bureau","2","3","100","0","0.00","0.00","0","0","0.00","0","0","0"
"Finocam – Agenda Mara 18 mois 2024-2025 Semaine sur 2 pages Présentation verticale Juillet 2024-Décembre 2025 (18 mois) Pretty International","B0CTMTCKGH","B0CTMTCKGH","Finocam","Calendriers, agendas & organiseurs - Fournitures de bureau","Fournitures de bureau","0","13","0","0","0.00","0.00","0","0","0.00","0","0","0"
"Finocam – Agenda Espiral 18 mois 2024-2025 Semaine sur 2 pages Présentation horizontale Juillet 2024-Décembre 2025 (18 mois) Noir International","B0CTMV17X8","B0CTMV17X8","Finocam","Calendriers, agendas & organiseurs - Fournitures de bureau","Fournitures de bureau","2","78","100","0","0.00","13.65","0","4","0.00","0","0","5.1"
"Finocam – Agenda Espiral 18 mois 2024-2025 Semaine sur 2 pages Présentation horizontale Juillet 2024-Décembre 2025 (18 mois) Girl International","B0CTMVRP8F","B0CTMVRP8F","Finocam","Calendriers, agendas & organiseurs - Fournitures de bureau","Fournitures de bureau","1","12","100","0","0.00","0.00","0","0","0.00","0","0","0"
"Finocam – Calendrier Images Mural International 2025 1 mois par page Janvier 2025 – Décembre 2025 (12 mois) Paris International","B0D3F4NJRF","B0D3F4NJRF","Finocam","Calendriers, agendas & organiseurs - Fournitures de bureau","Fournitures de bureau","0","0","0","0","0.00","0.00","0","0","0.00","0","0","0"
"Finocam – Agenda Spirale Design Collection 2025 Semaine sur 1 page Présentation horizontale Janvier 2025 – Décembre 2025 (12 mois) Maintenant Français","B0D7Q6M793","B0D7Q6M793","Finocam","Calendriers, agendas & organiseurs - Fournitures de bureau","Fournitures de bureau","3","20","100","0","0.00","0.00","0","0","0.00","0","0","0"
"Finocam – Calendrier Bloc Design Mural avec Aimant pour écrire 2025 1 mois par page Janvier 2025 – Décembre 2025 (12 mois) Français","B0D7Q82B2X","B0D7Q82B2X","Finocam","Calendriers, agendas & organiseurs - Fournitures de bureau","Fournitures de bureau","0","64","0","0","0.00","11.70","0","2","0.00","0","0","3.1"
"Finocam – Calendrier Neutre avec Aimant pour écrire 2025 1 mois par page Janvier 2025 – Décembre 2025 (12 mois) Français","B0D7Q83R85","B0D7Q83R85","Finocam","Calendriers, agendas & organiseurs - Fournitures de bureau","Fournitures de bureau","8","138","100","0","0.00","5.66","0","1","0.00","0","0","0.7"
"Finocam – Calendrier Images de Bureau pour écrire 2025 1 mois par page Janvier 2025 – Décembre 2025 (12 mois) Paysages paradisiaques Français","B0D7Q8M9G8","B0D7Q8M9G8","Finocam","Calendriers, agendas & organiseurs - Fournitures de bureau","Fournitures de bureau","0","4","0","0","0.00","0.00","0","0","0.00","0","0","0"
"Finocam – Calendrier Neutre Mural pour écrire 2025 1 mois par page Janvier 2025 – Décembre 2025 (12 mois) Français","B0D7Q9F1M9","B0D7Q9F1M9","Finocam","Calendriers, agendas & organiseurs - Fournitures de bureau","Fournitures de bureau","4","30","100","0","0.00","11.08","0","2","0.00","0","0","6.7"
"Finocam – Calendrier Neutre Mural pour écrire 2025 1 mois par page Janvier 2025 – Décembre 2025 (12 mois) Français","B0D7Q9NRY8","B0D7Q9NRY8","Finocam","Calendriers, agendas & organiseurs - Fournitures de bureau","Fournitures de bureau","0","0","0","0","0.00","0.00","0","0","0.00","0","0","0"
"Finocam – Calendrier Neutre Mural pour écrire 2025 1 mois par page Janvier 2025 – Décembre 2025 (12 mois) Français","B0D7QBQR37","B0D7QBQR37","Finocam","Calendriers, agendas & organiseurs - Fournitures de bureau","Fournitures de bureau","0","20","0","0","0.00","0.00","0","0","0.00","0","0","0"
"Finocam – Calendrier Neutre Mural pour écrire 2025 1 mois par page Janvier 2025 – Décembre 2025 (12 mois) Français","B0D7QC8T73","B0D7QC8T73","Finocam","Calendriers, agendas & organiseurs - Fournitures de bureau","Fournitures de bureau","0","11","0","0","0.00","6.11","0","1","0.00","0","0","9.1"
"Finocam – Cahier Nexo Couverture Rigide Uni Bleu marine | Cahier A5 à Feuilles Microperforées | Pochette et Passant pour stylo | 72 Feuilles, Idéal pour Écrire et Dessiner","B0DV5Q5VJ3","B0DV5Q5VJ3","Finocam","22903203","Papier, enveloppes et fournitures d'expédition","0","0","0","0","0.00","0.00","0","0","0.00","0","0","0"
"Finocam – Agenda Minimal 18 mois 2025-2026 Semaine sur 2 pages Présentation Horizontale Juillet 2025-Décembre 2026 (18 mois) Girl International","B0DV5R3KVQ","B0DV5R3KVQ","Finocam","Agendas civils et carnets de RDV","Fournitures de bureau","5","104","100","0","0.00","82.90","0","5","0.00","0","0","4.8"
"Finocam – Cahier Nexo Couverture Souple Ligné Noir | Petit Cahier à Feuilles Microperforées | Pochette et Passant pour stylo | 72 Feuilles, Idéal pour Écrire","B0DV5RL7SL","B0DV5RL7SL","Finocam","22903203","Papier, enveloppes et fournitures d'expédition","1","0","100","0","0.00","0.00","0","0","0.00","0","0","0"
"Finocam – Cahier Nexo Couverture Souple Dotted-Pointillé Noir | Petit Cahier à Feuilles Microperforées | Pochette et Passant pour stylo | 72 Feuilles, Idéal pour Bullet Journal","B0DV5RRRB2","B0DV5RRRB2","Finocam","22903203","Papier, enveloppes et fournitures d'expédition","0","2","0","0","0.00","7.50","0","1","0.00","0","0","50"
"Finocam – Cahier Nexo Couverture Rigide Uni Rose | Petit Cahier à Feuilles Microperforées | Pochette et Passant pour stylo | 72 Feuilles, Idéal pour Écrire et Dessiner","B0DV5S5D1S","B0DV5S5D1S","Finocam","22903203","Papier, enveloppes et fournitures d'expédition","1","0","100","0","0.00","0.00","0","0","0.00","0","0","0"
"Finocam – Agenda Minimal 18 mois 2025-2026 Semaine sur 2 pages Présentation Horizontale Juillet 2025-Décembre 2026 (18 mois) Girl International","B0DV5S5HYM","B0DV5S5HYM","Finocam","Agendas civils et carnets de RDV","Fournitures de bureau","13","454","100","0","0.00","126.72","0","9","0.00","0","0","2"
"Finocam – Cahier Nexo Couverture Souple Uni Turquoise | Cahier A5 à Feuilles Microperforées | Pochette et Passant pour stylo | 72 Feuilles, Idéal pour Écrire et Dessiner","B0DV5S5VVP","B0DV5S5VVP","Finocam","22903203","Papier, enveloppes et fournitures d'expédition","2","0","100","0","0.00","0.00","0","0","0.00","0","0","0"
"Finocam – Cahier Nexo Couverture Souple Ligné Noir | Cahier A5 à Feuilles Microperforées | Pochette et Passant pour stylo | 72 Feuilles, Idéal pour Écrire et Prendre des Notes","B0DV5S69BB","B0DV5S69BB","Finocam","22903203","Papier, enveloppes et fournitures d'expédition","1","0","100","0","0.00","0.00","0","0","0.00","0","0","0"
"Finocam – Cahier Nexo Couverture Souple Uni Vert foncé | Cahier A5 à Feuilles Microperforées | Pochette et Passant pour stylo | 72 Feuilles, Idéal pour Écrire et Dessiner","B0DV5S8N2P","B0DV5S8N2P","Finocam","22903203","Papier, enveloppes et fournitures d'expédition","1","0","100","0","0.00","0.00","0","0","0.00","0","0","0"
"Finocam – Agenda Minimal 18 mois 2025-2026 Semaine sur 2 pages Présentation Horizontale Juillet 2025-Décembre 2026 (18 mois) Noir International","B0DV5SG4SD","B0DV5SG4SD","Finocam","Agendas civils et carnets de RDV","Fournitures de bureau","4","29","100","0","0.00","0.00","0","0","0.00","0","0","0"
"Finocam – Cahier Nexo Couverture Rigide Uni Bleu ciel | Cahier A5 à Feuilles Microperforées | Pochette et Passant pour stylo | 72 Feuilles, Idéal pour Écrire et Dessiner","B0DV5SGZGV","B0DV5SGZGV","Finocam","22903203","Papier, enveloppes et fournitures d'expédition","0","0","0","0","0.00","0.00","0","0","0.00","0","0","0"
"Finocam – Cahier Nexo Couverture Souple Dotted-Pointillé Bleu marine | Petit Cahier à Feuilles Microperforées | Pochette et Passant pour stylo | 72 Feuilles, Idéal pour Bullet Journal","B0DV5SJ6GB","B0DV5SJ6GB","Finocam","22903203","Papier, enveloppes et fournitures d'expédition","1","0","100","0","0.00","0.00","0","0","0.00","0","0","0"
"Finocam – Cahier Nexo Couverture Souple Uni Noir | Grand Cahier à Feuilles Microperforées | Pochette et Passant pour stylo | 72 Feuilles, Idéal pour Écrire et Dessiner","B0DV5SQ5BZ","B0DV5SQ5BZ","Finocam","22903203","Papier, enveloppes et fournitures d'expédition","0","1","0","0","0.00","0.00","0","0","0.00","0","0","0"
"Finocam – Agenda Minimal 18 mois 2025-2026 Semaine sur 2 pages Présentation Horizontale Juillet 2025-Décembre 2026 (18 mois) Daisy International","B0DV5SWV8G","B0DV5SWV8G","Finocam","Agendas civils et carnets de RDV","Fournitures de bureau","5","55","100","0","0.00","16.58","0","1","0.00","0","0","1.8"
"Finocam – Cahier Nexo Couverture Rigide Uni Noir | Petit Cahier à Feuilles Microperforées | Pochette et Passant pour stylo | 72 Feuilles, idéal pour Écrire et Dessiner","B0DV5SX6J9","B0DV5SX6J9","Finocam","22903203","Papier, enveloppes et fournitures d'expédition","0","0","0","0","0.00","0.00","0","0","0.00","0","0","0"
"Finocam – Agenda Minimal 18 mois 2025-2026 Semaine sur 2 pages Présentation Horizontale Juillet 2025-Décembre 2026 (18 mois) Daisy International","B0DV5SYL1L","B0DV5SYL1L","Finocam","Agendas civils et carnets de RDV","Fournitures de bureau","5","203","100","0","0.00","56.32","0","4","0.00","0","0","2"
"Finocam – Cahier Nexo Couverture Souple Dotted-Pointillé Rose | Cahier A5 à Feuilles Microperforées | Pochette et Passant pour stylo | 72 Feuilles, Idéal pour Bullet Journal","B0DV5T33V8","B0DV5T33V8","Finocam","22903203","Papier, enveloppes et fournitures d'expédition","2","10","100","0","0.00","0.00","0","0","0.00","0","0","0"
"Finocam – Cahier Nexo Couverture Souple Dotted-Pointillé Turquoise | Cahier A5 à Feuilles Microperforées | Pochette et Passant pour stylo | 72 Feuilles, Idéal pour Bullet Journal","B0DV5T6247","B0DV5T6247","Finocam","22903203","Papier, enveloppes et fournitures d'expédition","2","1","100","0","0.00","0.00","0","0","0.00","0","0","0"
"Finocam – Cahier Nexo Couverture Souple Uni Jaune | Petit Cahier à Feuilles Microperforées | Pochette et Passant pour stylo | 72 Feuilles, Idéal pour Écrire et Dessiner","B0DV5XDJDR","B0DV5XDJDR","Finocam","22903203","Papier, enveloppes et fournitures d'expédition","1","1","100","0","0.00","0.00","0","0","0.00","0","0","0"
"Finocam – Cahier Nexo Couverture Souple Dotted-Pointillé Rouge | Petit Cahier à Feuilles Microperforées | Pochette et Passant pour stylo | 72 Feuilles, Idéal pour Bullet Journal","B0DV5XM31W","B0DV5XM31W","Finocam","22903203","Papier, enveloppes et fournitures d'expédition","1","4","100","0","0.00","7.50","0","1","0.00","0","0","25"
"Finocam – Cahier Nexo Couverture Souple Dotted-Pointillé Noir | Cahier A5 à Feuilles Microperforées | Pochette et Passant pour stylo | 72 Feuilles, Idéal pour Bullet Journal","B0DV642H4Y","B0DV642H4Y","Finocam","22903203","Papier, enveloppes et fournitures d'expédition","1","0","100","0","0.00","0.00","0","0","0.00","0","0","0"
"Finocam – Cahier Nexo Couverture Rigide Uni Bleu marine | Petit Cahier à Feuilles Microperforées | Pochette et Passant pour stylo | 72 Feuilles, Idéal pour Écrire et Dessiner","B0DV642JBZ","B0DV642JBZ","Finocam","22903203","Papier, enveloppes et fournitures d'expédition","1","0","100","0","0.00","0.00","0","0","0.00","0","0","0"
"Finocam – Cahier Nexo Couverture Rigide Dotted-Pointillé Rose | Cahier A5 à Feuilles Microperforées | Pochette et Passant pour stylo | 72 Feuilles, Idéal pour Bullet Journal","B0DV6459KY","B0DV6459KY","Finocam","22903203","Papier, enveloppes et fournitures d'expédition","1","1","100","0","0.00","0.00","0","0","0.00","0","0","0"
"Finocam – Cahier Nexo Couverture Rigide Uni Vert foncé | Cahier A5 à Feuilles Microperforées | Pochette et Passant pour stylo | 72 Feuilles, Idéal pour Écrire et Dessiner","B0DV6CXHS5","B0DV6CXHS5","Finocam","22903203","Papier, enveloppes et fournitures d'expédition","0","0","0","0","0.00","0.00","0","0","0.00","0","0","0"
"Finocam – Planificateur Agenda + Notes 1 Mois par page + Notes 2026 Janvier 2026 – Décembre 2026 (12 mois) Gris International","B0F9L9D316","B0F9L9D316","Finocam","Calendriers, agendas & organiseurs - Organisateurs de bureau","Organisateurs de bureau","11","1","100","0","0.00","0.00","0","0","0.00","0","0","0"
"Finocam – Agenda Spirale 2026 Semaine sur 2 pages Présentation verticale | Janvier – Décembre | Agenda annuel 2026 avec élastique | Double spirale Couverture rigide Alma – Noir – International","B0F9LBHCHZ","B0F9LBHCHZ","Finocam","Calendriers, agendas & organiseurs - Organisateurs de bureau","Organisateurs de bureau","0","1","0","0","0.00","0.00","0","0","0.00","0","0","0"
"Finocam – Planificateur Agenda 1 Mois par page 2026 1 Mois par page Janvier 2026 – Décembre 2026 (12 mois) Gris International","B0F9LBV1D3","B0F9LBV1D3","Finocam","Calendriers, agendas & organiseurs - Organisateurs de bureau","Organisateurs de bureau","0","1","0","0","0.00","0.00","0","0","0.00","0","0","0"
"Finocam – Agenda Spirale 2026 Semaine sur 2 pages Présentation verticale | Janvier – Décembre | Agenda annuel 2026 avec élastique | Double spirale Couverture rigide Alma – Bleu – International","B0F9LC2F49","B0F9LC2F49","Finocam","Calendriers, agendas & organiseurs - Organisateurs de bureau","Organisateurs de bureau","0","0","0","0","0.00","0.00","0","0","0.00","0","0","0"
"Finocam – Agenda 2026 Semaine sur 2 pages Présentation horizontale | Janvier – Décembre | Agenda B5 annuel 2026 avec élastique | Double spirale Couverture rigide Optimal – Emma – International","B0F9LC83P3","B0F9LC83P3","Finocam","Calendriers, agendas & organiseurs - Organisateurs de bureau","Organisateurs de bureau","2","0","100","0","0.00","0.00","0","0","0.00","0","0","0"
"Finocam – Agenda 2026 1 Jour par page | Janvier – Décembre (12 mois) | Agenda annuel 2026 avec signet en ruban tissé | Couverture rigide Porto – Rouge – International","B0F9LCDM73","B0F9LCDM73","Finocam","Calendriers, agendas & organiseurs - Organisateurs de bureau","Organisateurs de bureau","0","0","0","0","0.00","0.00","0","0","0.00","0","0","0"
"Finocam – Agenda Spirale 2026 1 Jour par page | Janvier – Décembre (12 mois) | Agenda annuel 2026 avec élastique | Double spirale Couverture rigide Alma – Noir – International","B0F9LCF6PR","B0F9LCF6PR","Finocam","Calendriers, agendas & organiseurs - Organisateurs de bureau","Organisateurs de bureau","0","2","0","0","0.00","0.00","0","0","0.00","0","0","0"
"Finocam – Agenda 2026 Semaine sur 2 pages Présentation horizontale | Janvier – Décembre (12 mois) | Agenda annuel 2026 avec élastique | Double spirale Couverture rigide Optimal – Emma – International","B0F9LCGBLL","B0F9LCGBLL","Finocam","Calendriers, agendas & organiseurs - Organisateurs de bureau","Organisateurs de bureau","4","0","100","0","0.00","0.00","0","0","0.00","0","0","0"
"Finocam – Agenda 2026 1 Jour par page | Janvier – Décembre (12 mois) | Agenda annuel 2026 avec élastique et signet en ruban tissé | Couverture rigide Porto Design – Mauve – International","B0F9LCV63M","B0F9LCV63M","Finocam","Calendriers, agendas & organiseurs - Organisateurs de bureau","Organisateurs de bureau","11","1","100","0","0.00","0.00","0","0","0.00","0","0","0"
"Finocam – Agenda 2026 2 pages par Jour | Janvier – Décembre (12 mois) | Agenda annuel 2026 | Reliure Couverture rigide matelassée Milano – Noir – International","B0F9LD2B2W","B0F9LD2B2W","Finocam","Calendriers, agendas & organiseurs - Organisateurs de bureau","Organisateurs de bureau","0","0","0","0","0.00","0.00","0","0","0.00","0","0","0"
"Finocam – Agenda 2026 Semaine sur 2 pages Présentation verticale | Janvier – Décembre | Agenda annuel 2026 avec élastique et signet en ruban tissé | Couverture souple Mara – Bleu – International","B0F9LD2X51","B0F9LD2X51","Finocam","Calendriers, agendas & organiseurs - Organisateurs de bureau","Organisateurs de bureau","0","0","0","0","0.00","0.00","0","0","0.00","0","0","0"
"Finocam – Agenda Spirale 2026 1 Jour par page | Janvier – Décembre (12 mois) | Agenda annuel 2026 avec élastique | Double spirale Couverture rigide Alma – Corail – International","B0F9LDHV76","B0F9LDHV76","Finocam","Calendriers, agendas & organiseurs - Organisateurs de bureau","Organisateurs de bureau","8","2","100","0","0.00","0.00","0","0","0.00","0","0","0"
"Finocam – Agenda 2026 Semaine sur 2 pages Présentation horizontale | Janvier – Décembre (12 mois) | Agenda annuel 2026 avec élastique | Double spirale Couverture rigide Optimal – Vera – International","B0F9LDPGMW","B0F9LDPGMW","Finocam","Calendriers, agendas & organiseurs - Organisateurs de bureau","Organisateurs de bureau","1","0","100","0","0.00","0.00","0","0","0.00","0","0","0"
"Finocam – Agenda Spirale 2026 1 Jour par page | Janvier – Décembre (12 mois) | Agenda annuel 2026 avec élastique | Double spirale Couverture rigide You – Feuilles – International","B0F9LDSGY1","B0F9LDSGY1","Finocam","Calendriers, agendas & organiseurs - Organisateurs de bureau","Organisateurs de bureau","12","3","100","0","0.00","0.00","0","0","0.00","0","0","0"
"Finocam – Agenda 2026 Semaine sur 2 pages Présentation horizontale | Janvier – Décembre | Agenda B5 annuel 2026 avec élastique | Double spirale Couverture rigide Optimal – Vera – International","B0F9LDWNFT","B0F9LDWNFT","Finocam","Calendriers, agendas & organiseurs - Organisateurs de bureau","Organisateurs de bureau","8","1","100","0","0.00","0.00","0","0","0.00","0","0","0"
"Finocam – Agenda Spirale 2026 1 Jour par page | Janvier – Décembre (12 mois) | Agenda annuel 2026 avec élastique | Double spirale Couverture rigide Alma – Bleu – International","B0F9LF68KF","B0F9LF68KF","Finocam","Calendriers, agendas & organiseurs - Organisateurs de bureau","Organisateurs de bureau","0","1","0","0","0.00","0.00","0","0","0.00","0","0","0"
"Finocam – Agenda Spirale 2026 Semaine sur 2 pages Présentation verticale | Janvier – Décembre | Agenda annuel 2026 avec élastique | Double spirale Couverture rigide You – Cotton – International","B0F9LFC81R","B0F9LFC81R","Finocam","Calendriers, agendas & organiseurs - Organisateurs de bureau","Organisateurs de bureau","0","2","0","0","0.00","0.00","0","0","0.00","0","0","0"
"Finocam – Agenda 2026 1 Jour par page | Janvier – Décembre (12 mois) | Agenda A5 avec élastique et signet en ruban tissé | Couverture souple Capri – Happy – International","B0F9LFF9WD","B0F9LFF9WD","Finocam","Calendriers, agendas & organiseurs - Organisateurs de bureau","Organisateurs de bureau","15","18","100","0","0.00","0.00","0","0","0.00","0","0","0"
"Finocam – Agenda 2026 Semaine sur 2 pages, Présentation verticale | Janvier – Décembre (12 mois) | Agenda A5 avec élastique et signet en ruban tissé | Couverture souple Capri - Happy - International","B0F9LFFG99","B0F9LFFG99","Finocam","Calendriers, agendas & organiseurs - Organisateurs de bureau","Organisateurs de bureau","12","13","100","0","0.00","0.00","0","0","0.00","0","0","0"
"Finocam – Agenda Spirale 2026 1 Jour par page | Janvier – Décembre (12 mois) | Agenda annuel 2026 avec élastique | Double spirale Couverture rigide You – Cotton – International","B0F9LFH6JW","B0F9LFH6JW","Finocam","Calendriers, agendas & organiseurs - Organisateurs de bureau","Organisateurs de bureau","11","5","100","0","0.00","0.00","0","0","0.00","0","0","0"
"Finocam – Agenda 2026 1 Jour par page | Janvier – Décembre (12 mois) | Agenda B5 annuel 2026 avec élastique | Double spirale Couverture rigide Optimal – Emma – International","B0F9LFR2FK","B0F9LFR2FK","Finocam","Calendriers, agendas & organiseurs - Organisateurs de bureau","Organisateurs de bureau","5","0","100","0","0.00","0.00","0","0","0.00","0","0","0"
"Finocam – Planificateur Agenda + Notes Semaine sur 2 pages + notes 2026 Janvier 2026 – Décembre 2026 (12 mois) Gris International","B0F9LFWG1M","B0F9LFWG1M","Finocam","Calendriers, agendas & organiseurs - Organisateurs de bureau","Organisateurs de bureau","0","1","0","0","0.00","0.00","0","0","0.00","0","0","0"
"Finocam – Agenda 2026 Semaine sur 2 pages Présentation verticale | Janvier – Décembre | Agenda avec élastique et signet en ruban tissé | Couverture rigide Porto Design – Botanic – International","B0F9LFZ2QQ","B0F9LFZ2QQ","Finocam","Calendriers, agendas & organiseurs - Organisateurs de bureau","Organisateurs de bureau","4","2","100","0","0.00","6.67","0","1","0.00","0","0","50"
"Finocam – Agenda 2026 1 Jour par page | Janvier – Décembre (12 mois) | Agenda A5 avec élastique et signet en ruban tissé | Couverture souple Capri – Noir – International","B0F9LG81FB","B0F9LG81FB","Finocam","Calendriers, agendas & organiseurs - Organisateurs de bureau","Organisateurs de bureau","1","2","0","0","0.00","0.00","0","0","0.00","0","0","0"
"Finocam – Agenda 2026 1 Jour par page | Janvier – Décembre (12 mois) | Agenda annuel 2026 avec élastique et signet en ruban tissé | Couverture rigide Porto Design – Camila – International","B0F9LGNZ2T","B0F9LGNZ2T","Finocam","Calendriers, agendas & organiseurs - Organisateurs de bureau","Organisateurs de bureau","0","0","0","0","0.00","0.00","0","0","0.00","0","0","0"
"Finocam – Agenda Spirale 2026 Semaine sur 2 pages Présentation verticale | Janvier – Décembre | Agenda annuel 2026 avec élastique | Double spirale Couverture rigide Alma – Corail – International","B0F9LGZJR2","B0F9LGZJR2","Finocam","Calendriers, agendas & organiseurs - Organisateurs de bureau","Organisateurs de bureau","30","0","100","0","0.00","0.00","0","0","0.00","0","0","0"
"Finocam – Agenda 2026 Semaine sur 2 pages Présentation verticale | Janvier – Décembre | Agenda annuel 2026 avec élastique | Couverture rigide Porto Design – Mauve – International","B0F9LKB6NR","B0F9LKB6NR","Finocam","Calendriers, agendas & organiseurs - Organisateurs de bureau","Organisateurs de bureau","0","0","0","0","0.00","0.00","0","0","0.00","0","0","0"
"Finocam – Agenda Spirale 2026 Semaine sur 2 pages Présentation verticale | Janvier – Décembre | Agenda annuel 2026 avec élastique | Double spirale Couverture rigide You – Feuilles – International","B0F9WXPGQF","B0F9WXPGQF","Finocam","Calendriers, agendas & organiseurs - Organisateurs de bureau","Organisateurs de bureau","0","0","0","0","0.00","0.00","0","0","0.00","0","0","0"
"Finocam – Calendrier mural 2026 1 Mois par page Janvier – Décembre 2026 (12 mois) | Calendrier 2026 pour noter | Planificateur mensuel Design – Français","B0FG35J7HH","B0FG35J7HH","Finocam","Calendriers, agendas & organiseurs - Organisateurs de bureau","Organisateurs de bureau","0","4","0","0","0.00","0.00","0","0","0.00","0","0","0"
"Finocam – Agenda Spirale 2026 Semaine sur 2 pages Présentation horizontale | Janvier – Décembre (12 mois) | Agenda annuel 2026 | Couverture polypropylène Spirale Design Collection – Goldy – Français","B0FG35RXJB","B0FG35RXJB","Finocam","Calendriers, agendas & organiseurs - Organisateurs de bureau","Organisateurs de bureau","0","2","0","0","0.00","0.00","0","0","0.00","0","0","0"
"Finocam – Agenda Spirale 2026 Semaine sur 2 pages Présentation horizontale | Janvier – Décembre (12 mois) | Agenda annuel 2026 | Couverture polypropylène Spirale Design Collection – Flore – Français","B0FG369GY2","B0FG369GY2","Finocam","Calendriers, agendas & organiseurs - Organisateurs de bureau","Organisateurs de bureau","0","1","0","0","0.00","0.00","0","0","0.00","0","0","0"
"Finocam – Agenda Spirale 2026 1 Jour par page | Janvier – Décembre (12 mois) | Agenda annuel 2026 avec élastique | Couverture polypropylène Spirale Design Collection – Goldy – Français","B0FG36SRPG","B0FG36SRPG","Finocam","Calendriers, agendas & organiseurs - Organisateurs de bureau","Organisateurs de bureau","0","3","0","0","0.00","0.00","0","0","0.00","0","0","0"
"Finocam – Agenda Spirale 2026 1 Jour par page | Janvier – Décembre (12 mois) | Agenda annuel 2026 avec élastique | Couverture polypropylène Spirale Design Collection – Maintenant – Français","B0FG37K2ND","B0FG37K2ND","Finocam","Calendriers, agendas & organiseurs - Organisateurs de bureau","Organisateurs de bureau","0","1","0","0","0.00","0.00","0","0","0.00","0","0","0"
"Finocam – Calendrier mural 2026 1 Mois par page Janvier – Décembre 2026 (12 mois) | Calendrier 2026 pour noter | Planificateur mensuel Neutre – Français","B0FG37Q31B","B0FG37Q31B","Finocam","Calendriers, agendas & organiseurs - Organisateurs de bureau","Organisateurs de bureau","1","24","100","0","0.00","21.24","0","3","0.00","0","0","12.5"
"Finocam – Calendrier mural 2026 30 x 30 cm 1 Mois par page Janvier – Décembre 2026 + Sept.-Déc. 2025 (4 mois) réduits | Calendrier2026 | Images Phrases inspirantes Français","B0FG384L7H","B0FG384L7H","Finocam","Calendriers, agendas & organiseurs - Organisateurs de bureau","Organisateurs de bureau","0","12","0","0","0.00","0.00","0","0","0.00","0","0","0"
"Finocam – Agenda Spirale 2026 1 Jour par page | Janvier – Décembre (12 mois) | Agenda annuel 2026 avec élastique | Couverture polypropylène Spirale Opaque – Bleu – Français","B0FG38QRNX","B0FG38QRNX","Finocam","Calendriers, agendas & organiseurs - Organisateurs de bureau","Organisateurs de bureau","0","0","0","0","0.00","0.00","0","0","0.00","0","0","0"
"Finocam – Agenda Spirale 2026 1 Jour par page | Janvier – Décembre (12 mois) | Agenda annuel 2026 avec élastique | Couverture polypropylène Spirale Design Collection – Flore – Français","B0FG392VJB","B0FG392VJB","Finocam","Calendriers, agendas & organiseurs - Organisateurs de bureau","Organisateurs de bureau","10","1","100","0","0.00","0.00","0","0","0.00","0","0","0"
"Finocam – Agenda Spirale 2026 1 Jour par page | Janvier – Décembre (12 mois) | Agenda annuel 2026 avec élastique | Couverture polypropylène Spirale Opaque – Noir – Français","B0FG39QD7B","B0FG39QD7B","Finocam","Calendriers, agendas & organiseurs - Organisateurs de bureau","Organisateurs de bureau","0","2","0","0","0.00","0.00","0","0","0.00","0","0","0"
"Finocam – Agenda Spirale 2026 Semaine sur 2 pages Présentation horizontale | Janvier – Décembre | Agenda annuel 2026 avec élastique | Couverture polypropylène Spirale Opaque – Bleu – Français","B0FG39S9SL","B0FG39S9SL","Finocam","Calendriers, agendas & organiseurs - Organisateurs de bureau","Organisateurs de bureau","25","2","100","0","0.00","0.00","0","0","0.00","0","0","0"
"Finocam – Agenda Spirale 2026 Semaine sur 2 pages Présentation horizontale | Janvier – Décembre (12 mois) | Agenda annuel 2026 | Couverture polypropylène Spirale Design Collection – Flore – Français","B0FG39WQRS","B0FG39WQRS","Finocam","Calendriers, agendas & organiseurs - Organisateurs de bureau","Organisateurs de bureau","20","0","100","0","0.00","0.00","0","0","0.00","0","0","0"
"Finocam – Agenda Spirale 2026 Semaine sur 2 pages Présentation horizontale | Janvier – Décembre | Agenda annuel 2026 avec élastique | Couverture polypropylène Spirale Opaque – Bleu – Français","B0FG3B3JV9","B0FG3B3JV9","Finocam","Calendriers, agendas & organiseurs - Organisateurs de bureau","Organisateurs de bureau","38","0","100","0","0.00","0.00","0","0","0.00","0","0","0"
"Finocam – Agenda Spirale 2026 Semaine sur 2 pages Présentation horizontale | Janvier – Décembre | Agenda annuel 2026 | Couverture polypropylène Spirale Design Collection – Impossible – Français","B0FG3CFSG1","B0FG3CFSG1","Finocam","Calendriers, agendas & organiseurs - Organisateurs de bureau","Organisateurs de bureau","19","0","100","0","0.00","0.00","0","0","0.00","0","0","0"
"Finocam – Agenda Spirale 2026 Semaine sur 2 pages Présentation horizontale | Janvier – Décembre | Agenda annuel 2026 avec élastique | Couverture polypropylène Spirale Opaque – Noir – Français","B0FG3D2VHD","B0FG3D2VHD","Finocam","Calendriers, agendas & organiseurs - Organisateurs de bureau","Organisateurs de bureau","0","0","0","0","0.00","0.00","0","0","0.00","0","0","0"
"Finocam – Agenda Spirale 2026 Semaine sur 2 pages Présentation horizontale | Janvier – Décembre | Agenda annuel 2026 avec élastique | Couverture polypropylène Spirale Opaque – Noir – Français","B0FG3GHQKZ","B0FG3GHQKZ","Finocam","Calendriers, agendas & organiseurs - Organisateurs de bureau","Organisateurs de bureau","3","0","100","0","0.00","0.00","0","0","0.00","0","0","0"
"Finocam Haiku Planner mensuel Non daté | 1 Mois par Page | Vert · International - Planner","B0GJSPQWGQ","B0GJSPQWGQ","Finocam","Calendriers, agendas & organiseurs - Fournitures de bureau","Fournitures de bureau","2","0","100","0","0.00","0.00","0","0","0.00","0","0","0"
"Finocam Dotted Agenda Semainier 16 mois 2026 2027 | Noir","B0GJSV82XJ","B0GJSV82XJ","Finocam","Calendriers, agendas & organiseurs - Fournitures de bureau","Fournitures de bureau","28","0","100","0","0.00","0.00","0","0","0.00","0","0","0"
"Finocam Espiral Agenda Semainier 18 mois 2026 2027 | Noir","B0GJSWFNVF","B0GJSWFNVF","Finocam","Calendriers, agendas & organiseurs - Fournitures de bureau","Fournitures de bureau","119","0","99.1","0","0.00","0.00","0","0","0.00","0","0","0"
"Finocam Mínimal Agenda Semainier 18 mois 2026 2027 | Bleu","B0GJSXGHPV","B0GJSXGHPV","Finocam","Calendriers, agendas & organiseurs - Fournitures de bureau","Fournitures de bureau","22","0","100","0","0.00","0.00","0","0","0.00","0","0","0"
"Finocam Haiku Planner semainier Non daté | Vue hebdomadaire verticale | Bleu · International - Planner","B0GJSXHGWN","B0GJSXHGWN","Finocam","Calendriers, agendas & organiseurs - Fournitures de bureau","Fournitures de bureau","2","0","100","0","0.00","0.00","0","0","0.00","0","0","0"
"Finocam Haiku Planner semainier Non daté | Vue hebdomadaire verticale | Noir · International - Planner","B0GJT13SGR","B0GJT13SGR","Finocam","Calendriers, agendas & organiseurs - Fournitures de bureau","Fournitures de bureau","1","0","100","0","0.00","0.00","0","0","0.00","0","0","0"
"Finocam Moniquilla Carnet Couverture Rigide | Bleu - Cahier","B0GJT17N96","B0GJT17N96","Finocam","Calendriers, agendas & organiseurs - Fournitures de bureau","Fournitures de bureau","9","0","100","0","0.00","0.00","0","0","0.00","0","0","0"
"Finocam Haiku Planner mensuel Non daté | 1 Mois par Page | Bleu · International - Planner","B0GJT1BW7Z","B0GJT1BW7Z","Finocam","Calendriers, agendas & organiseurs - Fournitures de bureau","Fournitures de bureau","4","0","100","0","0.00","0.00","0","0","0.00","0","0","0"
"Finocam Haiku Planner mensuel Non daté | 1 Mois par Page | Vert · International - Planner","B0GJT1DK7K","B0GJT1DK7K","Finocam","Calendriers, agendas & organiseurs - Fournitures de bureau","Fournitures de bureau","1","0","100","0","0.00","0.00","0","0","0.00","0","0","0"
"Finocam Mínimal Agenda Semainier 18 mois 2026 2027 | Noir","B0GJT23KQK","B0GJT23KQK","Finocam","Calendriers, agendas & organiseurs - Fournitures de bureau","Fournitures de bureau","12","0","100","0","0.00","0.00","0","0","0.00","0","0","0"
"Finocam Mínimal Agenda Semainier 18 mois 2026 2027 | Bleu","B0GJT25LQ1","B0GJT25LQ1","Finocam","Calendriers, agendas & organiseurs - Fournitures de bureau","Fournitures de bureau","33","0","100","0","0.00","0.00","0","0","0.00","0","0","0"
"Finocam Espiral Agenda 18 mois 2026 2027 | 2 Jours par Page| Noir","B0GJT2SJZK","B0GJT2SJZK","Finocam","Calendriers, agendas & organiseurs - Fournitures de bureau","Fournitures de bureau","58","0","98","0","0.00","0.00","0","0","0.00","0","0","0"
"Finocam Haiku Planner semainier Non daté | Vue hebdomadaire verticale | Vert · International - Planner","B0GJT2SKB5","B0GJT2SKB5","Finocam","Calendriers, agendas & organiseurs - Fournitures de bureau","Fournitures de bureau","2","0","100","0","0.00","0.00","0","0","0.00","0","0","0"
"Finocam Espiral Agenda Semainier 18 mois 2026 2027 | Bleu","B0GJT3XJSG","B0GJT3XJSG","Finocam","Calendriers, agendas & organiseurs - Fournitures de bureau","Fournitures de bureau","95","0","98.9","0","0.00","0.00","0","0","0.00","0","0","0"
"Finocam Ikon Agenda 16 meses 2026 2027 Diaria · Negro · Internacional","B0GJT437XZ","B0GJT437XZ","Finocam","Calendriers, agendas & organiseurs - Fournitures de bureau","Fournitures de bureau","30","0","95.7","0","0.00","0.00","0","0","0.00","0","0","0"
"Finocam Mara Agenda Semainier 18 mois 2026 2027| Noir","B0GJT4P82S","B0GJT4P82S","Finocam","Calendriers, agendas & organiseurs - Fournitures de bureau","Fournitures de bureau","38","0","100","0","0.00","0.00","0","0","0.00","0","0","0"
"Finocam Mínimal Agenda Semainier 18 mois 2026 2027 | Noir","B0GJT64GM9","B0GJT64GM9","Finocam","Calendriers, agendas & organiseurs - Fournitures de bureau","Fournitures de bureau","15","0","100","0","0.00","0.00","0","0","0.00","0","0","0"
"Finocam Moniquilla Carnet Couverture Rigide | Rouge - Cahier","B0GJT6GJTW","B0GJT6GJTW","Finocam","Calendriers, agendas & organiseurs - Fournitures de bureau","Fournitures de bureau","11","0","100","0","0.00","0.00","0","0","0.00","0","0","0"
"Finocam Haiku Planner mensuel Non daté | 1 Mois par Page | Bleu · International - Planner","B0GJT6GKHR","B0GJT6GKHR","Finocam","Calendriers, agendas & organiseurs - Fournitures de bureau","Fournitures de bureau","2","0","100","0","0.00","0.00","0","0","0.00","0","0","0"
"Finocam Jazz Livre d’or | Gris","B0GJT6S2N2","B0GJT6S2N2","Finocam","22903203","Papier, enveloppes et fournitures d'expédition","7","0","100","0","0.00","0.00","0","0","0.00","0","0","0"
"Finocam Bari Planner Non daté | Vue hebdomadaire verticale · International","B0GJT72RNL","B0GJT72RNL","Finocam","Calendriers, agendas & organiseurs - Fournitures de bureau","Fournitures de bureau","1","0","100","0","0.00","0.00","0","0","0.00","0","0","0"
"Finocam Moda Agenda Diaria 2027 | Azul · Internacional","B0GYNNC6LH","B0GYNNC6LH","Finocam","Calendriers, agendas & organiseurs - Fournitures de bureau","Fournitures de bureau","0","0","0","0","0.00","0.00","0","0","0.00","0","0","0"
"Finocam Calendrier Mural International 2027 | Photos Traveling","B0GYNP9HR2","B0GYNP9HR2","Finocam","Calendriers, agendas & organiseurs - Fournitures de bureau","Fournitures de bureau","11","0","100","0","0.00","0.00","0","0","0.00","0","0","0"
"Finocam Planner Agenda Mensuel + Notes 2027| Gris","B0GYNRZL6R","B0GYNRZL6R","Finocam","Calendriers, agendas & organiseurs - Fournitures de bureau","Fournitures de bureau","0","0","0","0","0.00","0.00","0","0","0.00","0","0","0"
"Finocam Calendrier de Bureau International 2027 | Photos Cats","B0GYNS9D5R","B0GYNS9D5R","Finocam","Calendriers, agendas & organiseurs - Fournitures de bureau","Fournitures de bureau","10","0","100","0","0.00","0.00","0","0","0.00","0","0","0"
"Finocam Calendrier Mural International 2027 | Photos Dogs","B0GYNTJC78","B0GYNTJC78","Finocam","Calendriers, agendas & organiseurs - Fournitures de bureau","Fournitures de bureau","4","0","100","0","0.00","0.00","0","0","0.00","0","0","0"
"Finocam You Agenda Diaria 2027 | Trigo · Internacional","B0GYNTP46M","B0GYNTP46M","Finocam","Calendriers, agendas & organiseurs - Fournitures de bureau","Fournitures de bureau","0","0","0","0","0.00","0.00","0","0","0.00","0","0","0"
"Finocam Calendrier Mural International 2027 | Photos Charming","B0GYNTQ64T","B0GYNTQ64T","Finocam","Calendriers, agendas & organiseurs - Fournitures de bureau","Fournitures de bureau","3","0","100","0","0.00","0.00","0","0","0.00","0","0","0"
"Finocam Calendrier Mural International 2027 | Photos Charming","B0GYNTYRKM","B0GYNTYRKM","Finocam","Calendriers, agendas & organiseurs - Fournitures de bureau","Fournitures de bureau","20","0","100","0","0.00","0.00","0","0","0.00","0","0","0"
"Finocam Calendrier de Bureau International 2027 | Photos Venice","B0GYNV8ZQM","B0GYNV8ZQM","Finocam","Calendriers, agendas & organiseurs - Fournitures de bureau","Fournitures de bureau","6","0","100","0","0.00","0.00","0","0","0.00","0","0","0"
"Finocam Calendrier Mural International 2027 | Photos Traveling","B0GYNVJN8F","B0GYNVJN8F","Finocam","Calendriers, agendas & organiseurs - Fournitures de bureau","Fournitures de bureau","2","0","100","0","0.00","0.00","0","0","0.00","0","0","0"
"Finocam Calendrier Mural International 2027 | Photos Venice","B0GYNW2R9M","B0GYNW2R9M","Finocam","Calendriers, agendas & organiseurs - Fournitures de bureau","Fournitures de bureau","8","0","100","0","0.00","0.00","0","0","0.00","0","0","0"
"Finocam Calendrier de Bureau International 2027 | Photos Nature","B0GYNWPBNX","B0GYNWPBNX","Finocam","Calendriers, agendas & organiseurs - Fournitures de bureau","Fournitures de bureau","8","0","100","0","0.00","0.00","0","0","0.00","0","0","0"
"Finocam Calendrier Mural International 2027 | Photos Nature","B0GYNX1QXF","B0GYNX1QXF","Finocam","Calendriers, agendas & organiseurs - Fournitures de bureau","Fournitures de bureau","8","0","100","0","0.00","0.00","0","0","0.00","0","0","0"
"Finocam Calendario de Pared Internacional 2027 | Imágenes Venecia","B0GYNZFKQ9","B0GYNZFKQ9","Finocam","Calendriers, agendas & organiseurs - Fournitures de bureau","Fournitures de bureau","3","0","100","0","0.00","0.00","0","0","0.00","0","0","0"
"Finocam Calendrier Mural International 2027 | Photos Cats","B0GYP2V31W","B0GYP2V31W","Finocam","Calendriers, agendas & organiseurs - Fournitures de bureau","Fournitures de bureau","2","0","100","0","0.00","0.00","0","0","0.00","0","0","0"
"Finocam Calendrier de Bureau International 2027 | Photos Dogs","B0GYP2VRNR","B0GYP2VRNR","Finocam","Calendriers, agendas & organiseurs - Fournitures de bureau","Fournitures de bureau","3","0","100","0","0.00","0.00","0","0","0.00","0","0","0"
"Finocam Calendrier Mural International 2027 | Photos Dogs","B0GYP2XVQX","B0GYP2XVQX","Finocam","Calendriers, agendas & organiseurs - Fournitures de bureau","Fournitures de bureau","8","0","100","0","0.00","0.00","0","0","0.00","0","0","0"
"Finocam Optimal Agenda Diaria 2027 | Azul · Internacional","B0GYP425XN","B0GYP425XN","Finocam","Calendriers, agendas & organiseurs - Fournitures de bureau","Fournitures de bureau","0","0","0","0","0.00","0.00","0","0","0.00","0","0","0"
"Finocam Moda Agenda Diaria 2027 | Espiga · Internacional","B0GYP5J9FQ","B0GYP5J9FQ","Finocam","Calendriers, agendas & organiseurs - Fournitures de bureau","Fournitures de bureau","0","0","0","0","0.00","0.00","0","0","0.00","0","0","0"
"Finocam Spirale Agenda Journalier 2027| Impossible · Langue: Français","B0H38X84KR","B0H38X84KR","Finocam","Calendriers, agendas & organiseurs - Fournitures de bureau","Fournitures de bureau","0","0","0","0","0.00","0.00","0","0","0.00","0","0","0"
"Finocam Spirale Opaque Agenda Journalier 2027| Bleu · Langue: Français","B0H38ZS1F2","B0H38ZS1F2","Finocam","Calendriers, agendas & organiseurs - Fournitures de bureau","Fournitures de bureau","0","0","0","0","0.00","0.00","0","0","0.00","0","0","0"
"Finocam Calendrier Mural 2027 | Art Moniquilla · Langue: Français","B0H3919QQ9","B0H3919QQ9","Finocam","Calendriers, agendas & organiseurs - Fournitures de bureau","Fournitures de bureau","15","0","100","0","0.00","0.00","0","0","0.00","0","0","0"
"Finocam Calendrier Mural 2027 | Neutre · Langue: Français","B0H394LVRP","B0H394LVRP","Finocam","Calendriers, agendas & organiseurs - Fournitures de bureau","Fournitures de bureau","15","0","100","0","0.00","0.00","0","0","0.00","0","0","0"
"Finocam Calendrier Mural Frigo Magnétique 2027 | Design · Langue: Français","B0H3953JFK","B0H3953JFK","Finocam","Calendriers, agendas & organiseurs - Fournitures de bureau","Fournitures de bureau","0","0","0","0","0.00","0.00","0","0","0.00","0","0","0"
"Finocam Calendrier de Bureau à Gros Chiffres 2027 | Neutre · Français","B0H395BYC8","B0H395BYC8","Finocam","Calendriers, agendas & organiseurs - Fournitures de bureau","Fournitures de bureau","32","0","100","0","0.00","0.00","0","0","0.00","0","0","0"
"Finocam Calendrier Mural 2027 | Art Phrases motivantes · Langue: Français","B0H3962LG2","B0H3962LG2","Finocam","Calendriers, agendas & organiseurs - Fournitures de bureau","Fournitures de bureau","6","0","100","0","0.00","0.00","0","0","0.00","0","0","0"
"Finocam Spirale Agenda Journalier 2027| Goldy · Langue: Français","B0H3963979","B0H3963979","Finocam","Calendriers, agendas & organiseurs - Fournitures de bureau","Fournitures de bureau","0","0","0","0","0.00","0.00","0","0","0.00","0","0","0"
"Finocam Spirale Opaque Agenda Journalier 2027| Noir · Langue: Français","B0H397PDTJ","B0H397PDTJ","Finocam","Calendriers, agendas & organiseurs - Fournitures de bureau","Fournitures de bureau","0","0","0","0","0.00","0.00","0","0","0.00","0","0","0"
"Finocam Calendrier Mural 2027 | Art Phrases inspirantes · Langue: Français","B0H39CBP6C","B0H39CBP6C","Finocam","Calendriers, agendas & organiseurs - Fournitures de bureau","Fournitures de bureau","3","0","100","0","0.00","0.00","0","0","0.00","0","0","0"
